wind_speed_kt,pressure_hpa,intensification_rate_kt_per_6h,severity_label
141.22,880,8.9,CATASTROPHIC
119.07,895.72,26.65,CATASTROPHIC
157.08,880,9.59,CATASTROPHIC
136.3,880,18.12,CATASTROPHIC
145.24,880,8.49,CATASTROPHIC
135.45,880,14.16,CATASTROPHIC
146.92,880,17.86,CATASTROPHIC
156.47,880,6.16,CATASTROPHIC
157.53,880,7.44,CATASTROPHIC
162.9,880,16.0,CATASTROPHIC
123.54,880,27.73,CATASTROPHIC
133.11,880,21.56,CATASTROPHIC
136.82,914.85,9.62,CATASTROPHIC
182.87,880,24.38,CATASTROPHIC
180.76,880,28.05,CATASTROPHIC
121.19,902.03,9.9,CATASTROPHIC
118.17,880,11.78,CATASTROPHIC
173.01,880,13.92,CATASTROPHIC
134.67,880,25.05,CATASTROPHIC
120.22,891.8,29.67,CATASTROPHIC
169.06,880,23.23,CATASTROPHIC
168.99,880,6.85,CATASTROPHIC
140.09,880,6.59,CATASTROPHIC
136.77,889.73,13.13,CATASTROPHIC
166.07,880,16.81,CATASTROPHIC
123.37,891.08,22.83,CATASTROPHIC
168.25,880,17.34,CATASTROPHIC
151.59,880,15.69,CATASTROPHIC
116.78,880,17.71,CATASTROPHIC
178.53,880,11.23,CATASTROPHIC
143.73,880,6.92,CATASTROPHIC
135.28,885.87,9.03,CATASTROPHIC
180.08,880,26.79,CATASTROPHIC
171.26,880,9.66,CATASTROPHIC
177.48,880,27.4,CATASTROPHIC
137.26,880,7.75,CATASTROPHIC
130.96,898.15,26.52,CATASTROPHIC
115.49,890.13,17.77,CATASTROPHIC
144.22,880,13.44,CATASTROPHIC
181.0,880,13.08,CATASTROPHIC
151.32,880,29.29,CATASTROPHIC
182.37,880,11.29,CATASTROPHIC
149.81,880,5.92,CATASTROPHIC
157.67,880,17.57,CATASTROPHIC
118.6,898.56,10.99,CATASTROPHIC
125.14,880.97,17.24,CATASTROPHIC
184.0,880,24.04,CATASTROPHIC
131.63,880,23.21,CATASTROPHIC
140.74,890.33,18.39,CATASTROPHIC
121.32,909.56,25.88,CATASTROPHIC
137.45,898.14,5.41,CATASTROPHIC
150.85,880,10.66,CATASTROPHIC
160.16,880,14.67,CATASTROPHIC
180.57,880,8.44,CATASTROPHIC
138.87,880,21.5,CATASTROPHIC
172.21,880,18.88,CATASTROPHIC
152.08,880,27.43,CATASTROPHIC
178.03,880,20.83,CATASTROPHIC
138.73,890.76,27.43,CATASTROPHIC
177.1,880,24.5,CATASTROPHIC
159.94,880,5.23,CATASTROPHIC
122.1,900.61,21.59,CATASTROPHIC
115.35,897.27,22.3,CATASTROPHIC
160.64,880,10.61,CATASTROPHIC
164.85,880,23.66,CATASTROPHIC
160.47,880,26.23,CATASTROPHIC
161.03,880,14.19,CATASTROPHIC
133.56,880,11.1,CATASTROPHIC
183.11,880,20.78,CATASTROPHIC
170.64,880,17.57,CATASTROPHIC
155.38,880,23.06,CATASTROPHIC
134.65,880,5.61,CATASTROPHIC
160.18,880,29.17,CATASTROPHIC
182.45,880,26.33,CATASTROPHIC
135.61,890.07,12.92,CATASTROPHIC
126.86,880,18.92,CATASTROPHIC
180.53,880,7.43,CATASTROPHIC
158.05,880,29.75,CATASTROPHIC
124.81,901.06,23.52,CATASTROPHIC
163.79,880,22.56,CATASTROPHIC
140.16,883.41,25.25,CATASTROPHIC
175.7,880,27.83,CATASTROPHIC
150.79,880.77,21.25,CATASTROPHIC
164.14,880,24.89,CATASTROPHIC
177.3,880,7.35,CATASTROPHIC
155.48,880,5.9,CATASTROPHIC
147.59,880,19.77,CATASTROPHIC
117.14,898.22,5.93,CATASTROPHIC
172.58,880,18.06,CATASTROPHIC
168.9,880,10.4,CATASTROPHIC
158.6,887.23,20.94,CATASTROPHIC
165.83,880,29.4,CATASTROPHIC
151.14,880,11.77,CATASTROPHIC
145.73,880,6.96,CATASTROPHIC
116.77,881.65,9.33,CATASTROPHIC
125.95,908.97,11.26,CATASTROPHIC
153.45,880,12.0,CATASTROPHIC
181.84,880,23.45,CATASTROPHIC
153.8,880,11.19,CATASTROPHIC
139.92,897.74,23.95,CATASTROPHIC
116.01,890.43,7.45,CATASTROPHIC
149.41,888.67,16.84,CATASTROPHIC
127.12,880,20.4,CATASTROPHIC
159.46,880,6.13,CATASTROPHIC
141.22,880,26.41,CATASTROPHIC
161.11,884.11,9.07,CATASTROPHIC
119.94,887.02,19.64,CATASTROPHIC
180.82,880,19.39,CATASTROPHIC
142.17,880,18.64,CATASTROPHIC
180.9,880,14.65,CATASTROPHIC
182.28,880,12.97,CATASTROPHIC
174.14,880,5.58,CATASTROPHIC
172.01,880,22.42,CATASTROPHIC
159.03,880,26.94,CATASTROPHIC
166.45,880,9.44,CATASTROPHIC
167.54,880,25.17,CATASTROPHIC
184.34,880,24.41,CATASTROPHIC
138.86,880,28.27,CATASTROPHIC
175.09,880,23.86,CATASTROPHIC
122.22,881.19,27.56,CATASTROPHIC
150.37,880,27.39,CATASTROPHIC
142.24,881.99,5.27,CATASTROPHIC
178.38,880,28.75,CATASTROPHIC
181.54,880,19.34,CATASTROPHIC
159.23,880,13.22,CATASTROPHIC
162.08,880,23.81,CATASTROPHIC
170.41,880,18.74,CATASTROPHIC
145.91,880,27.19,CATASTROPHIC
139.56,880,7.53,CATASTROPHIC
120.89,909.48,22.52,CATASTROPHIC
120.09,898.29,7.03,CATASTROPHIC
120.94,902.15,29.67,CATASTROPHIC
141.2,886.12,28.68,CATASTROPHIC
184.02,880,23.83,CATASTROPHIC
141.34,880,27.66,CATASTROPHIC
122.78,910.77,17.32,CATASTROPHIC
115.79,883.97,7.97,CATASTROPHIC
123.23,886.05,21.23,CATASTROPHIC
167.22,880,14.37,CATASTROPHIC
135.0,880,26.71,CATASTROPHIC
130.65,880.39,29.82,CATASTROPHIC
120.17,904.59,18.85,CATASTROPHIC
182.85,880,22.39,CATASTROPHIC
146.82,880,20.69,CATASTROPHIC
155.9,880,20.5,CATASTROPHIC
134.42,890.23,9.7,CATASTROPHIC
147.46,880,6.94,CATASTROPHIC
183.21,880,29.66,CATASTROPHIC
163.87,880,25.34,CATASTROPHIC
162.93,880,9.07,CATASTROPHIC
178.76,880,15.46,CATASTROPHIC
180.29,880,26.65,CATASTROPHIC
118.17,890.73,25.26,CATASTROPHIC
184.11,880,8.76,CATASTROPHIC
156.59,880,26.05,CATASTROPHIC
173.68,880,16.72,CATASTROPHIC
144.04,880,26.62,CATASTROPHIC
171.9,880,29.99,CATASTROPHIC
184.76,880,28.62,CATASTROPHIC
174.48,880,11.18,CATASTROPHIC
146.54,880,21.79,CATASTROPHIC
158.27,880,13.95,CATASTROPHIC
122.95,890.69,24.31,CATASTROPHIC
151.41,889.3,26.3,CATASTROPHIC
153.63,880,15.09,CATASTROPHIC
124.38,888.11,5.72,CATASTROPHIC
167.86,880,10.32,CATASTROPHIC
124.55,898.62,5.36,CATASTROPHIC
139.54,880,15.94,CATASTROPHIC
178.29,880,13.71,CATASTROPHIC
150.98,880,20.55,CATASTROPHIC
175.37,880,28.74,CATASTROPHIC
125.3,884.48,11.46,CATASTROPHIC
147.14,880,29.5,CATASTROPHIC
149.48,880,11.0,CATASTROPHIC
120.31,880,8.22,CATASTROPHIC
123.96,880,13.64,CATASTROPHIC
177.78,880,16.85,CATASTROPHIC
161.73,880,6.02,CATASTROPHIC
126.83,880,11.96,CATASTROPHIC
127.39,880,14.11,CATASTROPHIC
150.24,880,22.26,CATASTROPHIC
117.75,899.97,7.04,CATASTROPHIC
176.15,880,28.02,CATASTROPHIC
119.28,903.49,23.71,CATASTROPHIC
127.92,880,10.23,CATASTROPHIC
140.93,904.68,14.22,CATASTROPHIC
147.38,880,23.69,CATASTROPHIC
117.57,905.2,27.38,CATASTROPHIC
150.82,880,18.3,CATASTROPHIC
122.5,910.35,11.06,CATASTROPHIC
133.85,880,14.43,CATASTROPHIC
116.4,880,13.19,CATASTROPHIC
123.38,880,27.26,CATASTROPHIC
156.55,880,17.46,CATASTROPHIC
121.08,898.72,18.43,CATASTROPHIC
156.08,880,8.19,CATASTROPHIC
134.86,898.87,14.08,CATASTROPHIC
160.21,880,29.66,CATASTROPHIC
157.4,880,10.93,CATASTROPHIC
122.12,881.0,9.02,CATASTROPHIC
128.06,880,12.13,CATASTROPHIC
127.14,880,29.56,CATASTROPHIC
122.84,897.43,14.95,CATASTROPHIC
182.86,880,11.45,CATASTROPHIC
126.96,887.14,21.72,CATASTROPHIC
180.06,880,12.0,CATASTROPHIC
168.86,880,9.68,CATASTROPHIC
137.66,880,11.06,CATASTROPHIC
123.04,880,20.27,CATASTROPHIC
135.2,880,17.03,CATASTROPHIC
152.28,880,6.3,CATASTROPHIC
138.56,880,22.04,CATASTROPHIC
168.22,880,19.89,CATASTROPHIC
148.01,880,28.24,CATASTROPHIC
173.14,880,29.13,CATASTROPHIC
123.7,888.85,9.53,CATASTROPHIC
119.65,891.69,23.53,CATASTROPHIC
155.21,880,24.88,CATASTROPHIC
129.11,882.59,9.09,CATASTROPHIC
126.5,891.65,18.08,CATASTROPHIC
140.12,885.41,26.93,CATASTROPHIC
142.47,880,14.42,CATASTROPHIC
147.39,882.13,12.53,CATASTROPHIC
167.33,880,27.49,CATASTROPHIC
141.87,880,18.59,CATASTROPHIC
178.45,880,28.5,CATASTROPHIC
158.94,880,13.37,CATASTROPHIC
124.75,892.89,18.34,CATASTROPHIC
177.57,880,24.71,CATASTROPHIC
125.62,880,23.6,CATASTROPHIC
117.35,880.4,19.25,CATASTROPHIC
168.37,880,25.53,CATASTROPHIC
122.74,899.69,26.16,CATASTROPHIC
123.92,905.38,8.75,CATASTROPHIC
131.05,880,23.06,CATASTROPHIC
165.4,880,18.57,CATASTROPHIC
132.63,892.5,13.64,CATASTROPHIC
127.71,884.85,15.02,CATASTROPHIC
147.34,880,28.68,CATASTROPHIC
125.73,886.97,20.29,CATASTROPHIC
116.27,933.39,26.8,CATASTROPHIC
180.25,880,28.06,CATASTROPHIC
164.51,880,8.81,CATASTROPHIC
155.34,880,23.41,CATASTROPHIC
180.41,880,28.14,CATASTROPHIC
146.56,901.52,14.98,CATASTROPHIC
118.83,899.03,13.38,CATASTROPHIC
171.2,880,28.0,CATASTROPHIC
139.24,880,13.67,CATASTROPHIC
166.63,880,16.31,CATASTROPHIC
124.86,881.23,9.41,CATASTROPHIC
149.89,880,14.06,CATASTROPHIC
155.64,880,20.81,CATASTROPHIC
115.92,880,29.03,CATASTROPHIC
125.41,892.34,15.37,CATASTROPHIC
120.97,889.04,19.88,CATASTROPHIC
119.7,892.68,23.75,CATASTROPHIC
129.69,880,9.77,CATASTROPHIC
117.56,894.77,16.8,CATASTROPHIC
154.54,880,16.02,CATASTROPHIC
143.05,880,18.99,CATASTROPHIC
125.87,888.48,28.65,CATASTROPHIC
141.13,880,11.77,CATASTROPHIC
160.08,880,8.9,CATASTROPHIC
165.12,880,21.47,CATASTROPHIC
116.9,882.54,21.8,CATASTROPHIC
116.38,882.7,7.6,CATASTROPHIC
170.99,880,10.95,CATASTROPHIC
121.96,880,11.08,CATASTROPHIC
165.56,880,14.93,CATASTROPHIC
161.77,880,10.12,CATASTROPHIC
135.52,880,27.32,CATASTROPHIC
172.22,880,13.55,CATASTROPHIC
133.16,896.58,11.7,CATASTROPHIC
158.69,880,15.24,CATASTROPHIC
153.64,880,28.71,CATASTROPHIC
168.45,880,8.5,CATASTROPHIC
175.79,880,25.0,CATASTROPHIC
144.76,880,5.56,CATASTROPHIC
133.81,908.52,11.45,CATASTROPHIC
124.75,895.33,25.87,CATASTROPHIC
183.91,880,11.81,CATASTROPHIC
116.29,895.22,27.86,CATASTROPHIC
123.24,880,18.85,CATASTROPHIC
160.6,880,25.74,CATASTROPHIC
129.45,904.86,21.63,CATASTROPHIC
127.28,906.28,27.86,CATASTROPHIC
144.31,880,6.17,CATASTROPHIC
126.64,880,23.45,CATASTROPHIC
120.8,880,14.73,CATASTROPHIC
135.21,883.51,13.89,CATASTROPHIC
165.33,880,16.9,CATASTROPHIC
161.46,880,28.42,CATASTROPHIC
166.28,880,6.29,CATASTROPHIC
149.75,880,19.92,CATASTROPHIC
138.4,880,6.88,CATASTROPHIC
165.97,880,17.39,CATASTROPHIC
163.19,880,25.48,CATASTROPHIC
170.96,880,22.37,CATASTROPHIC
134.05,880,7.29,CATASTROPHIC
179.21,880,8.42,CATASTROPHIC
181.52,880,18.55,CATASTROPHIC
176.11,880,23.31,CATASTROPHIC
171.46,880,26.23,CATASTROPHIC
132.48,893.46,17.24,CATASTROPHIC
130.48,891.79,5.85,CATASTROPHIC
163.82,880,12.43,CATASTROPHIC
179.71,880,26.11,CATASTROPHIC
137.34,880,25.72,CATASTROPHIC
117.59,880,8.01,CATASTROPHIC
120.39,897.13,22.41,CATASTROPHIC
138.79,880,12.88,CATASTROPHIC
152.76,880,24.77,CATASTROPHIC
137.31,885.7,20.4,CATASTROPHIC
131.31,882.94,5.61,CATASTROPHIC
175.91,880,24.97,CATASTROPHIC
184.86,880,13.77,CATASTROPHIC
168.7,880,20.69,CATASTROPHIC
176.16,880,29.6,CATASTROPHIC
168.78,880,23.44,CATASTROPHIC
131.71,880,7.76,CATASTROPHIC
139.82,880,10.84,CATASTROPHIC
117.95,880,5.45,CATASTROPHIC
184.14,880,21.99,CATASTROPHIC
130.28,880,28.75,CATASTROPHIC
170.04,880,26.98,CATASTROPHIC
181.13,880,16.69,CATASTROPHIC
157.94,880,17.82,CATASTROPHIC
131.15,903.17,9.41,CATASTROPHIC
130.43,887.9,13.75,CATASTROPHIC
119.05,881.61,29.23,CATASTROPHIC
176.87,880,23.96,CATASTROPHIC
163.72,880,8.85,CATASTROPHIC
172.11,880,18.42,CATASTROPHIC
156.51,880,19.5,CATASTROPHIC
121.4,883.16,8.24,CATASTROPHIC
177.21,880,28.89,CATASTROPHIC
175.35,880,18.77,CATASTROPHIC
121.09,905.17,15.21,CATASTROPHIC
141.09,882.17,17.4,CATASTROPHIC
120.67,880,10.5,CATASTROPHIC
162.83,880,19.81,CATASTROPHIC
172.73,880,13.7,CATASTROPHIC
162.46,880,26.97,CATASTROPHIC
170.82,880,21.46,CATASTROPHIC
174.54,880,25.93,CATASTROPHIC
163.82,880,22.0,CATASTROPHIC
158.3,880,27.02,CATASTROPHIC
176.03,880,5.73,CATASTROPHIC
110.42,894.03,13.59,SEVERE
73.84,923.65,15.45,SEVERE
110.77,895.85,2.18,SEVERE
98.93,911.12,19.53,SEVERE
99.75,921.55,8.5,SEVERE
107.89,881.85,-2.33,SEVERE
106.86,911.21,3.55,SEVERE
99.79,910.93,18.3,SEVERE
70.64,942.0,-3.3,SEVERE
81.55,934.57,12.7,SEVERE
68.7,914.15,10.52,SEVERE
67.52,956.96,16.79,SEVERE
118.54,896.96,-4.39,SEVERE
66.22,935.9,3.09,SEVERE
91.88,929.11,6.15,SEVERE
80.05,946.15,19.93,SEVERE
88.44,903.11,14.87,SEVERE
103.15,904.18,0.52,SEVERE
69.53,957.3,1.83,SEVERE
117.3,912.36,-1.22,SEVERE
88.78,919.5,10.96,SEVERE
86.87,932.63,1.86,SEVERE
119.12,904.35,0.75,SEVERE
76.72,930.18,-4.22,SEVERE
100.84,923.42,6.83,SEVERE
118.25,886.6,-0.36,SEVERE
112.77,907.84,16.12,SEVERE
106.86,913.98,10.66,SEVERE
72.22,956.52,7.04,SEVERE
71.45,945.92,-1.87,SEVERE
102.71,886.92,7.29,SEVERE
68.53,936.73,9.55,SEVERE
79.79,920.69,6.38,SEVERE
65.64,959.3,-3.19,SEVERE
86.59,960.5,2.29,SEVERE
103.22,899.34,16.5,SEVERE
107.89,901.75,-2.38,SEVERE
78.31,923.12,19.67,SEVERE
72.84,973.19,12.56,SEVERE
95.78,913.88,-4.76,SEVERE
82.96,913.9,3.77,SEVERE
66.83,943.74,-3.04,SEVERE
86.83,926.1,12.24,SEVERE
109.03,885.03,0.0,SEVERE
74.21,939.92,12.66,SEVERE
66.74,931.28,18.41,SEVERE
67.86,969.32,16.77,SEVERE
104.27,911.09,15.04,SEVERE
83.67,928.05,15.43,SEVERE
89.88,934.37,11.09,SEVERE
93.95,910.51,-3.49,SEVERE
78.59,934.48,-1.01,SEVERE
112.95,881.58,14.74,SEVERE
101.23,900.83,7.45,SEVERE
95.54,900.46,19.91,SEVERE
118.61,902.69,11.26,SEVERE
75.97,926.49,-4.23,SEVERE
79.17,934.0,6.57,SEVERE
112.75,911.24,5.64,SEVERE
84.03,939.07,4.28,SEVERE
119.32,880,13.13,SEVERE
91.77,948.26,16.84,SEVERE
114.54,880,9.81,SEVERE
115.18,886.23,0.27,SEVERE
99.26,931.39,-1.71,SEVERE
104.37,917.28,17.73,SEVERE
74.88,939.97,7.31,SEVERE
78.6,927.03,16.77,SEVERE
89.49,886.99,9.82,SEVERE
73.99,939.53,4.78,SEVERE
118.32,903.79,3.13,SEVERE
107.54,883.77,-1.73,SEVERE
118.34,880,-3.16,SEVERE
74.34,931.58,7.99,SEVERE
83.54,922.58,1.22,SEVERE
98.94,929.56,12.67,SEVERE
74.19,948.52,6.87,SEVERE
111.43,916.91,15.14,SEVERE
97.19,908.26,-2.2,SEVERE
79.84,935.86,-3.57,SEVERE
94.21,913.82,18.35,SEVERE
82.39,912.09,7.68,SEVERE
67.29,944.8,16.7,SEVERE
90.01,926.78,7.89,SEVERE
91.89,905.05,-4.25,SEVERE
81.94,934.11,12.62,SEVERE
76.1,938.05,6.09,SEVERE
112.75,887.49,-0.57,SEVERE
103.09,906.44,10.45,SEVERE
112.79,927.26,9.27,SEVERE
66.67,946.29,11.91,SEVERE
76.86,939.88,11.47,SEVERE
86.66,911.76,11.45,SEVERE
119.97,894.48,-3.79,SEVERE
118.74,906.33,14.56,SEVERE
96.19,910.03,13.46,SEVERE
113.32,880,11.69,SEVERE
109.43,886.56,14.06,SEVERE
108.88,920.47,-1.99,SEVERE
94.95,911.13,-4.86,SEVERE
82.85,907.98,12.39,SEVERE
86.37,898.97,6.22,SEVERE
78.06,912.54,-3.17,SEVERE
98.19,902.8,11.71,SEVERE
99.07,880,16.58,SEVERE
93.55,906.21,6.98,SEVERE
66.41,926.24,4.97,SEVERE
96.91,890.1,8.34,SEVERE
98.43,921.76,12.95,SEVERE
117.55,901.08,-4.54,SEVERE
75.77,930.44,18.18,SEVERE
68.31,947.57,18.36,SEVERE
84.34,925.16,1.42,SEVERE
80.67,915.08,2.68,SEVERE
109.17,880,10.26,SEVERE
104.39,911.56,1.82,SEVERE
87.75,920.24,12.03,SEVERE
74.98,932.63,8.13,SEVERE
104.0,908.41,1.41,SEVERE
117.96,880,7.09,SEVERE
109.33,891.99,10.83,SEVERE
117.33,893.63,10.04,SEVERE
110.06,895.69,0.3,SEVERE
98.6,917.41,5.28,SEVERE
111.19,894.68,0.92,SEVERE
107.93,913.34,1.87,SEVERE
110.24,927.05,-2.61,SEVERE
99.31,898.26,6.29,SEVERE
97.26,920.6,16.57,SEVERE
76.92,922.06,-2.61,SEVERE
66.3,962.07,8.67,SEVERE
77.76,956.59,4.77,SEVERE
97.7,917.02,-1.59,SEVERE
103.23,906.74,5.11,SEVERE
88.55,936.09,19.78,SEVERE
72.06,954.5,-2.4,SEVERE
104.84,880.82,-3.01,SEVERE
69.71,948.74,17.35,SEVERE
75.55,917.94,3.87,SEVERE
68.82,930.51,7.98,SEVERE
68.72,931.95,8.5,SEVERE
113.4,907.12,11.27,SEVERE
94.31,898.1,11.74,SEVERE
119.68,880,11.55,SEVERE
95.68,910.41,-3.5,SEVERE
95.93,939.98,18.94,SEVERE
74.64,920.5,8.4,SEVERE
70.32,949.12,6.26,SEVERE
106.59,923.12,14.89,SEVERE
115.99,880,0.87,SEVERE
86.96,924.13,16.05,SEVERE
93.65,928.05,10.59,SEVERE
69.9,932.19,15.65,SEVERE
108.01,907.41,12.72,SEVERE
66.99,926.95,4.0,SEVERE
69.82,926.83,18.42,SEVERE
95.46,901.82,6.18,SEVERE
98.03,887.95,7.89,SEVERE
115.57,898.2,16.29,SEVERE
76.47,933.51,18.26,SEVERE
71.4,932.02,16.95,SEVERE
112.74,914.75,15.15,SEVERE
108.45,893.94,5.07,SEVERE
74.54,931.91,12.37,SEVERE
84.04,926.72,15.56,SEVERE
72.29,940.27,16.55,SEVERE
115.75,931.22,14.12,SEVERE
74.62,930.88,7.56,SEVERE
86.93,917.5,-3.3,SEVERE
66.42,928.7,-1.62,SEVERE
117.97,899.65,5.81,SEVERE
82.15,928.66,7.65,SEVERE
89.17,925.08,0.4,SEVERE
99.08,899.02,11.26,SEVERE
73.36,926.31,19.87,SEVERE
68.18,940.88,12.38,SEVERE
119.1,882.44,-1.97,SEVERE
81.68,922.16,-2.47,SEVERE
103.07,907.17,19.92,SEVERE
109.77,889.3,10.38,SEVERE
81.84,935.65,5.65,SEVERE
72.19,972.14,17.17,SEVERE
89.74,912.66,5.35,SEVERE
110.51,881.92,13.34,SEVERE
107.31,902.24,7.03,SEVERE
66.06,941.33,1.5,SEVERE
106.82,904.82,0.38,SEVERE
65.67,927.55,1.03,SEVERE
118.67,880,8.7,SEVERE
89.99,919.55,16.11,SEVERE
70.39,921.71,3.12,SEVERE
105.55,903.84,6.9,SEVERE
85.67,911.2,14.63,SEVERE
114.06,880,18.88,SEVERE
108.28,918.86,5.94,SEVERE
79.01,914.18,16.02,SEVERE
67.11,941.56,10.93,SEVERE
101.26,922.56,17.38,SEVERE
100.02,900.38,7.96,SEVERE
73.26,939.27,13.44,SEVERE
93.17,913.39,-2.88,SEVERE
104.4,906.95,-3.2,SEVERE
68.92,929.04,2.41,SEVERE
84.23,945.25,14.37,SEVERE
101.38,901.85,-2.54,SEVERE
101.32,902.14,14.11,SEVERE
79.58,939.53,4.55,SEVERE
76.31,953.35,-1.97,SEVERE
98.83,920.8,8.26,SEVERE
67.31,961.06,19.21,SEVERE
108.93,922.9,13.7,SEVERE
109.65,927.34,11.41,SEVERE
72.05,946.31,0.62,SEVERE
85.47,921.38,5.8,SEVERE
89.17,929.52,1.02,SEVERE
71.68,940.53,-0.06,SEVERE
113.78,880,15.4,SEVERE
112.38,911.32,16.16,SEVERE
115.54,907.02,6.51,SEVERE
111.31,886.49,13.21,SEVERE
107.7,886.71,8.63,SEVERE
119.16,898.39,18.43,SEVERE
67.37,941.21,13.15,SEVERE
109.98,898.73,0.34,SEVERE
92.82,924.59,8.56,SEVERE
97.47,923.39,7.71,SEVERE
81.37,955.81,16.83,SEVERE
100.0,919.36,14.03,SEVERE
73.8,932.44,1.17,SEVERE
104.96,904.75,19.8,SEVERE
70.45,958.86,0.1,SEVERE
95.53,908.13,13.33,SEVERE
98.88,903.4,14.59,SEVERE
95.48,897.86,-4.87,SEVERE
106.85,881.4,-1.28,SEVERE
81.81,911.6,16.92,SEVERE
119.8,880,13.05,SEVERE
113.74,880,9.83,SEVERE
86.53,948.68,-4.92,SEVERE
99.08,899.66,3.89,SEVERE
108.68,904.04,7.02,SEVERE
100.33,897.14,-3.38,SEVERE
96.9,941.02,10.09,SEVERE
102.21,936.09,15.12,SEVERE
79.84,930.05,-3.07,SEVERE
68.22,961.47,3.36,SEVERE
108.17,916.05,7.93,SEVERE
89.21,931.02,-1.31,SEVERE
83.05,914.3,0.52,SEVERE
97.9,910.07,13.39,SEVERE
119.91,892.94,5.53,SEVERE
99.99,918.66,14.64,SEVERE
71.51,955.7,4.6,SEVERE
96.45,908.98,9.69,SEVERE
75.15,913.69,-4.35,SEVERE
66.33,926.05,15.79,SEVERE
80.02,901.54,18.52,SEVERE
79.26,933.29,5.74,SEVERE
113.0,891.47,15.07,SEVERE
90.2,925.83,7.07,SEVERE
72.34,940.74,7.41,SEVERE
89.03,915.3,13.24,SEVERE
107.1,908.22,-1.62,SEVERE
106.33,887.21,11.42,SEVERE
117.61,880,1.17,SEVERE
114.84,881.77,1.24,SEVERE
79.96,925.49,14.42,SEVERE
68.6,964.93,7.19,SEVERE
66.85,944.68,5.28,SEVERE
84.1,908.93,17.5,SEVERE
66.2,947.51,9.0,SEVERE
116.53,894.78,-3.69,SEVERE
88.03,935.24,19.53,SEVERE
79.11,917.1,11.35,SEVERE
75.9,914.11,19.3,SEVERE
98.47,947.75,3.74,SEVERE
71.28,932.32,1.27,SEVERE
111.78,890.09,9.03,SEVERE
93.79,911.78,12.7,SEVERE
94.89,917.39,-2.96,SEVERE
90.21,900.8,18.64,SEVERE
111.75,897.38,11.73,SEVERE
90.43,946.12,8.64,SEVERE
68.43,926.06,7.81,SEVERE
109.35,890.94,14.66,SEVERE
76.08,933.04,1.47,SEVERE
74.06,953.37,7.98,SEVERE
76.27,922.21,16.95,SEVERE
113.38,891.22,6.28,SEVERE
119.17,898.5,14.3,SEVERE
66.49,942.59,17.73,SEVERE
94.63,904.33,7.45,SEVERE
70.8,954.77,4.51,SEVERE
107.66,909.92,19.11,SEVERE
76.21,906.33,14.82,SEVERE
96.77,916.24,10.86,SEVERE
108.89,912.6,8.33,SEVERE
73.69,933.44,12.4,SEVERE
108.63,913.88,17.65,SEVERE
80.23,923.35,19.59,SEVERE
72.74,929.06,17.35,SEVERE
100.99,901.28,-1.2,SEVERE
89.22,909.75,17.06,SEVERE
109.2,903.86,7.63,SEVERE
118.19,895.78,11.7,SEVERE
99.91,909.42,-0.85,SEVERE
113.51,880,-4.68,SEVERE
95.79,910.38,8.18,SEVERE
104.56,893.35,16.45,SEVERE
110.05,908.9,8.52,SEVERE
104.06,901.38,15.54,SEVERE
90.26,890.41,3.94,SEVERE
92.18,910.34,-0.66,SEVERE
104.16,920.73,15.65,SEVERE
70.54,930.99,3.7,SEVERE
89.77,914.07,13.72,SEVERE
100.81,886.41,16.04,SEVERE
90.92,937.74,19.48,SEVERE
99.88,915.71,3.13,SEVERE
102.75,895.4,-3.26,SEVERE
74.62,929.35,15.93,SEVERE
80.36,937.5,11.07,SEVERE
103.18,880,0.32,SEVERE
66.83,945.06,2.6,SEVERE
100.92,919.93,11.62,SEVERE
79.32,940.7,17.68,SEVERE
101.89,893.62,6.18,SEVERE
90.32,921.93,16.61,SEVERE
95.07,918.73,-2.23,SEVERE
88.24,920.81,-3.95,SEVERE
105.69,900.98,16.46,SEVERE
81.07,935.25,17.77,SEVERE
106.47,916.86,2.04,SEVERE
113.0,889.1,-2.19,SEVERE
103.7,892.64,1.05,SEVERE
65.68,945.7,6.72,SEVERE
81.57,904.33,2.5,SEVERE
105.88,915.81,-3.8,SEVERE
114.66,901.77,9.83,SEVERE
114.08,909.41,-0.37,SEVERE
69.34,951.67,-4.13,SEVERE
97.05,903.21,19.89,SEVERE
112.06,886.93,15.78,SEVERE
97.94,912.6,-2.13,SEVERE
70.16,943.82,15.73,SEVERE
113.34,906.29,9.29,SEVERE
93.46,889.39,5.86,SEVERE
107.56,892.12,10.05,SEVERE
114.09,927.49,10.78,SEVERE
97.54,895.76,12.57,SEVERE
78.06,917.46,4.61,SEVERE
91.82,918.63,11.31,SEVERE
117.28,914.91,7.66,SEVERE
99.88,919.29,-3.23,SEVERE
78.99,924.41,-3.86,SEVERE
72.7,904.18,1.92,SEVERE
118.43,888.26,-0.1,SEVERE
98.59,880.39,2.02,SEVERE
76.38,930.54,-4.81,SEVERE
77.05,933.05,-4.08,SEVERE
70.94,955.33,9.3,SEVERE
93.2,908.14,2.34,SEVERE
116.25,882.07,10.43,SEVERE
71.26,935.82,3.63,SEVERE
92.91,916.81,12.56,SEVERE
119.6,906.54,-1.71,SEVERE
80.11,909.22,5.28,SEVERE
114.92,880,12.85,SEVERE
98.43,925.38,18.88,SEVERE
110.17,891.7,-4.96,SEVERE
100.0,912.17,12.16,SEVERE
71.3,929.48,4.6,SEVERE
90.09,906.58,5.47,SEVERE
106.31,899.08,-3.22,SEVERE
69.41,948.27,11.71,SEVERE
102.33,905.15,4.05,SEVERE
97.65,915.45,16.84,SEVERE
104.82,916.57,-1.99,SEVERE
114.63,896.24,-1.45,SEVERE
65.64,933.18,5.55,SEVERE
81.23,968.94,-3.91,SEVERE
71.77,930.95,8.97,SEVERE
83.87,938.96,16.14,SEVERE
103.09,926.22,5.75,SEVERE
102.01,893.83,14.72,SEVERE
89.55,904.03,14.96,SEVERE
110.23,880,9.55,SEVERE
85.41,914.19,10.03,SEVERE
103.81,891.39,-0.83,SEVERE
88.68,943.55,-1.44,SEVERE
113.96,881.58,-4.36,SEVERE
100.52,903.03,10.92,SEVERE
83.73,924.01,2.78,SEVERE
102.24,897.05,10.14,SEVERE
85.05,953.32,-1.49,SEVERE
91.71,911.36,-4.31,SEVERE
92.8,915.67,-4.03,SEVERE
66.7,949.44,4.7,SEVERE
73.8,909.14,17.5,SEVERE
71.39,933.29,18.9,SEVERE
45.3,968.29,6.53,MODERATE
69.42,954.13,-4.23,MODERATE
68.6,918.3,-3.19,MODERATE
53.49,934.22,-6.92,MODERATE
53.93,979.66,6.67,MODERATE
49.86,963.9,-3.95,MODERATE
43.34,947.74,9.33,MODERATE
54.08,942.95,-3.05,MODERATE
54.9,952.53,2.52,MODERATE
51.6,941.78,-1.96,MODERATE
69.78,944.6,1.39,MODERATE
56.34,967.15,-5.97,MODERATE
48.22,961.32,0.86,MODERATE
42.2,959.29,9.28,MODERATE
66.74,947.25,7.4,MODERATE
38.7,997.83,5.81,MODERATE
38.49,961.52,7.54,MODERATE
67.99,955.11,-7.02,MODERATE
50.66,959.14,7.27,MODERATE
55.19,960.66,-2.49,MODERATE
44.29,975.31,-2.27,MODERATE
52.41,946.72,-0.15,MODERATE
54.78,973.13,5.29,MODERATE
54.65,950.3,9.12,MODERATE
41.22,986.27,7.86,MODERATE
36.25,970.68,7.67,MODERATE
50.14,994.86,8.53,MODERATE
34.69,978.2,-0.46,MODERATE
58.76,965.52,-7.31,MODERATE
44.78,981.74,-2.83,MODERATE
62.96,933.63,9.15,MODERATE
34.32,965.42,9.96,MODERATE
58.37,943.6,-9.71,MODERATE
60.56,962.29,6.68,MODERATE
60.66,955.66,5.38,MODERATE
57.71,943.38,5.32,MODERATE
64.45,934.04,-0.25,MODERATE
36.8,976.38,-1.85,MODERATE
48.66,958.48,-7.78,MODERATE
63.1,938.68,8.95,MODERATE
36.6,973.85,-4.01,MODERATE
36.77,982.36,0.01,MODERATE
62.6,944.71,-8.54,MODERATE
48.5,962.73,-4.09,MODERATE
42.37,980.73,8.58,MODERATE
48.58,951.97,8.12,MODERATE
45.57,941.31,2.81,MODERATE
69.24,938.77,2.07,MODERATE
46.88,950.3,7.77,MODERATE
52.11,962.91,-1.01,MODERATE
55.09,945.18,3.65,MODERATE
42.71,970.13,4.28,MODERATE
63.61,949.94,0.4,MODERATE
39.14,991.4,5.51,MODERATE
43.77,938.73,-7.32,MODERATE
56.66,952.91,-8.91,MODERATE
60.95,939.66,-4.48,MODERATE
59.45,950.78,-8.75,MODERATE
64.22,932.91,-7.96,MODERATE
46.97,979.92,-4.59,MODERATE
64.34,961.07,7.84,MODERATE
49.62,950.43,8.2,MODERATE
47.58,961.43,-2.25,MODERATE
56.78,982.95,4.08,MODERATE
34.16,983.68,3.33,MODERATE
68.78,928.98,5.22,MODERATE
68.23,925.94,-7.89,MODERATE
62.15,963.73,2.88,MODERATE
35.73,980.38,0.01,MODERATE
49.58,958.55,-0.85,MODERATE
41.52,947.41,-8.95,MODERATE
61.63,927.12,-1.67,MODERATE
63.6,940.45,3.15,MODERATE
51.0,966.24,7.6,MODERATE
41.77,982.8,-4.09,MODERATE
38.92,995.12,3.03,MODERATE
60.59,965.54,-2.1,MODERATE
59.68,929.79,-6.02,MODERATE
66.05,930.78,-8.84,MODERATE
38.01,950.8,0.32,MODERATE
43.63,943.49,-9.61,MODERATE
38.48,954.52,-1.73,MODERATE
51.74,969.94,1.9,MODERATE
34.36,939.49,-0.72,MODERATE
68.69,971.58,-3.76,MODERATE
61.86,951.38,5.46,MODERATE
52.77,953.67,-4.69,MODERATE
34.63,978.25,-4.13,MODERATE
61.83,915.74,-2.57,MODERATE
34.05,979.78,-4.0,MODERATE
57.27,962.78,-0.84,MODERATE
48.33,971.83,-3.94,MODERATE
36.37,962.49,-0.32,MODERATE
60.91,937.14,-0.52,MODERATE
36.08,981.97,-8.49,MODERATE
47.16,963.61,-5.49,MODERATE
41.05,974.03,5.63,MODERATE
54.82,940.27,-7.06,MODERATE
63.2,927.33,3.48,MODERATE
43.36,990.32,-3.1,MODERATE
67.03,939.03,7.8,MODERATE
59.48,922.99,-8.76,MODERATE
39.3,954.36,9.16,MODERATE
53.07,954.59,-5.16,MODERATE
52.02,950.03,-4.51,MODERATE
63.05,950.32,-0.81,MODERATE
53.68,947.87,-6.69,MODERATE
50.04,958.71,-5.82,MODERATE
35.8,980.92,-5.16,MODERATE
68.58,946.98,-6.06,MODERATE
68.25,942.47,-4.81,MODERATE
49.73,965.25,1.87,MODERATE
36.63,975.81,-6.2,MODERATE
62.53,948.09,8.16,MODERATE
67.97,942.43,9.55,MODERATE
61.26,957.32,-6.77,MODERATE
51.17,944.41,2.81,MODERATE
58.0,964.47,-6.75,MODERATE
54.34,955.56,-9.76,MODERATE
34.33,999.11,-2.86,MODERATE
67.34,952.09,-5.56,MODERATE
45.58,945.38,6.96,MODERATE
60.24,947.45,-9.42,MODERATE
51.31,945.59,3.25,MODERATE
38.27,960.36,8.39,MODERATE
69.76,916.75,-9.1,MODERATE
61.4,928.44,5.09,MODERATE
67.06,918.89,9.02,MODERATE
54.78,973.1,-4.98,MODERATE
54.31,946.81,-2.83,MODERATE
57.64,941.71,8.36,MODERATE
37.66,963.37,0.12,MODERATE
41.95,971.26,-4.35,MODERATE
68.22,938.94,1.63,MODERATE
49.72,968.52,5.18,MODERATE
44.17,1005.34,-2.94,MODERATE
66.19,964.98,-0.47,MODERATE
51.91,952.01,-5.91,MODERATE
55.28,946.46,7.1,MODERATE
41.45,953.15,-8.58,MODERATE
36.48,973.68,-1.81,MODERATE
63.19,957.45,6.72,MODERATE
45.96,979.6,3.09,MODERATE
39.46,981.65,7.52,MODERATE
53.41,948.0,-9.25,MODERATE
38.6,946.4,5.31,MODERATE
34.0,986.35,-8.91,MODERATE
69.03,902.59,-5.48,MODERATE
44.95,949.6,-9.97,MODERATE
60.26,938.51,9.34,MODERATE
42.07,986.19,6.97,MODERATE
49.21,973.09,-3.94,MODERATE
45.71,977.24,-6.37,MODERATE
47.35,971.34,8.04,MODERATE
63.04,968.86,3.22,MODERATE
36.82,947.37,0.89,MODERATE
59.54,957.67,1.68,MODERATE
68.28,933.18,-9.15,MODERATE
43.55,942.62,4.29,MODERATE
61.32,960.57,-7.95,MODERATE
52.5,922.86,8.66,MODERATE
63.79,948.57,3.94,MODERATE
59.72,962.53,3.89,MODERATE
60.24,948.64,7.23,MODERATE
43.87,958.09,-3.09,MODERATE
46.08,972.02,9.57,MODERATE
64.84,961.04,1.24,MODERATE
68.1,955.97,-0.07,MODERATE
47.7,969.11,4.69,MODERATE
47.84,954.14,-9.5,MODERATE
64.2,944.89,-5.3,MODERATE
59.38,957.45,6.34,MODERATE
53.67,983.62,7.25,MODERATE
40.45,970.15,6.0,MODERATE
53.9,941.16,7.31,MODERATE
39.66,966.14,-3.8,MODERATE
44.44,971.21,5.93,MODERATE
43.02,979.13,2.5,MODERATE
54.58,956.46,-4.25,MODERATE
45.04,955.36,-2.94,MODERATE
56.37,971.9,-1.91,MODERATE
36.46,960.51,5.68,MODERATE
44.29,992.91,-3.35,MODERATE
36.04,964.1,-2.52,MODERATE
68.0,962.81,2.65,MODERATE
41.16,986.04,-1.63,MODERATE
61.03,944.55,-4.47,MODERATE
49.55,952.53,9.61,MODERATE
36.43,953.65,9.41,MODERATE
38.08,973.08,-1.93,MODERATE
60.56,939.79,-3.07,MODERATE
48.31,987.21,-4.71,MODERATE
41.39,942.4,-4.25,MODERATE
57.64,950.44,9.37,MODERATE
55.73,953.02,-8.16,MODERATE
55.57,957.22,2.47,MODERATE
57.35,970.5,2.2,MODERATE
45.26,979.94,-4.58,MODERATE
55.52,951.26,1.75,MODERATE
59.24,954.91,3.6,MODERATE
48.69,961.96,-4.94,MODERATE
50.21,955.95,9.15,MODERATE
48.37,955.85,3.45,MODERATE
69.17,947.13,-7.96,MODERATE
34.3,962.73,4.97,MODERATE
66.92,940.96,-1.32,MODERATE
43.31,991.85,-9.82,MODERATE
55.22,947.39,2.27,MODERATE
56.96,965.16,-8.17,MODERATE
41.17,954.23,7.55,MODERATE
60.59,938.93,-5.05,MODERATE
36.25,960.69,-0.82,MODERATE
60.38,973.85,-8.38,MODERATE
68.25,956.7,6.77,MODERATE
62.98,926.01,2.34,MODERATE
60.74,952.36,4.76,MODERATE
52.77,954.45,8.42,MODERATE
55.04,945.67,0.77,MODERATE
43.68,978.48,3.33,MODERATE
62.35,943.61,-0.91,MODERATE
56.69,965.77,-1.45,MODERATE
49.93,944.81,2.99,MODERATE
67.71,935.11,-9.56,MODERATE
44.84,938.56,0.05,MODERATE
36.02,985.88,-7.89,MODERATE
61.52,948.23,-1.81,MODERATE
57.59,941.93,-6.79,MODERATE
36.54,966.08,-6.29,MODERATE
57.91,954.12,3.7,MODERATE
37.98,974.5,-4.22,MODERATE
45.15,966.34,0.71,MODERATE
46.85,938.26,-2.92,MODERATE
63.83,936.15,8.28,MODERATE
68.3,956.78,-3.47,MODERATE
46.76,973.86,7.53,MODERATE
37.69,972.44,-2.15,MODERATE
53.92,935.07,7.18,MODERATE
58.37,951.85,6.76,MODERATE
64.92,939.24,2.21,MODERATE
39.77,994.09,3.47,MODERATE
40.45,953.99,-7.65,MODERATE
39.95,981.21,-9.96,MODERATE
59.87,951.81,-6.77,MODERATE
37.01,999.16,-9.62,MODERATE
39.97,965.82,-2.91,MODERATE
37.79,978.58,-5.55,MODERATE
52.69,936.04,-8.85,MODERATE
48.08,970.92,-5.32,MODERATE
41.9,969.78,1.14,MODERATE
48.97,967.71,-1.42,MODERATE
53.47,972.82,-6.57,MODERATE
52.0,973.82,-1.76,MODERATE
65.34,952.89,-7.69,MODERATE
55.8,987.49,-7.66,MODERATE
46.14,970.36,-5.87,MODERATE
48.11,949.8,7.91,MODERATE
41.36,928.37,-9.64,MODERATE
62.54,951.35,-8.62,MODERATE
51.07,989.36,3.77,MODERATE
43.12,981.26,-9.8,MODERATE
60.04,968.62,6.43,MODERATE
64.36,947.62,-0.3,MODERATE
46.01,960.41,-6.33,MODERATE
64.78,966.67,7.65,MODERATE
50.79,956.44,6.07,MODERATE
66.46,933.06,-5.93,MODERATE
36.41,969.45,0.84,MODERATE
68.85,955.26,-8.67,MODERATE
57.34,949.75,6.08,MODERATE
49.61,950.45,9.94,MODERATE
54.13,939.71,-2.99,MODERATE
47.41,952.26,-8.63,MODERATE
47.3,989.12,3.13,MODERATE
59.52,946.24,-9.83,MODERATE
41.84,965.03,-9.89,MODERATE
62.96,978.69,5.46,MODERATE
53.74,977.21,5.03,MODERATE
62.91,953.31,0.36,MODERATE
39.05,987.06,4.85,MODERATE
40.12,992.78,-6.1,MODERATE
66.05,949.29,5.17,MODERATE
55.5,957.77,3.08,MODERATE
66.01,971.96,-6.87,MODERATE
51.06,975.59,4.33,MODERATE
43.75,956.79,-5.17,MODERATE
41.74,953.14,-1.5,MODERATE
66.68,922.73,-8.46,MODERATE
59.06,951.4,-2.34,MODERATE
63.59,963.04,-4.56,MODERATE
58.92,960.03,-4.72,MODERATE
67.81,920.86,-4.61,MODERATE
40.87,985.7,3.89,MODERATE
41.87,945.24,3.24,MODERATE
63.34,955.93,5.56,MODERATE
61.39,934.37,-1.35,MODERATE
35.12,996.4,-4.81,MODERATE
35.21,969.8,1.15,MODERATE
35.4,981.97,3.34,MODERATE
45.63,974.43,9.92,MODERATE
63.71,941.9,6.9,MODERATE
42.96,956.43,-8.1,MODERATE
69.96,941.92,-3.47,MODERATE
60.93,954.59,9.95,MODERATE
42.69,972.04,-9.19,MODERATE
48.8,979.42,1.32,MODERATE
45.26,955.78,3.09,MODERATE
42.35,987.67,-9.22,MODERATE
64.14,955.31,2.39,MODERATE
54.28,970.22,1.74,MODERATE
54.91,960.04,9.81,MODERATE
61.24,975.29,-2.22,MODERATE
42.24,960.38,1.94,MODERATE
67.41,939.49,0.55,MODERATE
41.62,976.79,9.91,MODERATE
69.32,957.46,4.3,MODERATE
55.35,962.89,-8.93,MODERATE
50.37,977.47,-2.54,MODERATE
67.9,959.67,-6.65,MODERATE
52.01,974.68,2.97,MODERATE
43.91,982.25,-6.88,MODERATE
56.89,935.02,4.1,MODERATE
50.39,965.22,3.36,MODERATE
64.15,953.7,3.99,MODERATE
64.17,965.79,6.06,MODERATE
68.59,926.7,-1.96,MODERATE
39.53,1015,1.45,MODERATE
43.97,968.29,1.86,MODERATE
46.78,974.7,-8.96,MODERATE
35.14,962.75,2.14,MODERATE
65.72,942.05,7.66,MODERATE
57.73,958.71,7.72,MODERATE
41.08,963.8,4.75,MODERATE
44.31,970.02,-0.7,MODERATE
64.51,946.62,-8.75,MODERATE
46.07,969.08,8.76,MODERATE
37.06,977.56,-2.29,MODERATE
36.56,963.55,-0.62,MODERATE
43.67,955.76,-7.98,MODERATE
40.03,944.44,5.97,MODERATE
45.75,957.31,-4.01,MODERATE
42.37,961.91,-2.89,MODERATE
58.26,943.03,-8.75,MODERATE
41.58,962.73,-3.15,MODERATE
65.13,949.85,-6.9,MODERATE
36.98,944.25,1.27,MODERATE
62.94,944.81,-7.26,MODERATE
54.91,937.61,2.48,MODERATE
43.85,966.42,-0.24,MODERATE
36.96,944.75,6.45,MODERATE
36.05,968.04,-1.63,MODERATE
50.5,967.62,3.34,MODERATE
61.97,972.64,7.24,MODERATE
45.3,983.06,9.79,MODERATE
66.02,946.03,-2.57,MODERATE
41.03,994.51,-0.15,MODERATE
51.39,957.48,6.76,MODERATE
47.01,958.89,-3.44,MODERATE
50.34,975.47,5.25,MODERATE
38.54,975.39,1.59,MODERATE
51.63,939.55,2.89,MODERATE
42.27,936.28,3.23,MODERATE
39.08,983.87,1.42,MODERATE
40.67,955.7,-6.34,MODERATE
63.73,935.55,-4.29,MODERATE
67.38,943.64,-7.14,MODERATE
47.48,969.19,5.95,MODERATE
47.23,964.52,6.9,MODERATE
62.65,934.67,-6.5,MODERATE
58.22,941.54,7.48,MODERATE
42.99,956.86,-4.74,MODERATE
34.02,980.42,2.55,MODERATE
61.01,954.62,-6.96,MODERATE
50.5,948.78,-0.28,MODERATE
67.15,938.93,-9.2,MODERATE
44.49,955.66,8.17,MODERATE
50.85,948.16,-0.67,MODERATE
61.38,947.95,-1.4,MODERATE
55.49,936.3,9.99,MODERATE
61.7,965.87,-6.59,MODERATE
35.1,969.42,-5.91,MODERATE
46.25,999.9,8.21,MODERATE
52.35,960.97,0.03,MODERATE
35.81,975.04,-1.24,MODERATE
64.21,938.11,-6.79,MODERATE
34.9,951.8,-9.01,MODERATE
60.09,945.39,-7.77,MODERATE
55.9,941.88,-2.4,MODERATE
62.85,938.95,-2.16,MODERATE
61.03,953.85,-5.26,MODERATE
58.39,944.92,1.32,MODERATE
67.45,932.95,-9.62,MODERATE
63.77,943.74,0.49,MODERATE
61.91,937.55,-9.4,MODERATE
68.61,923.32,3.36,MODERATE
67.6,952.83,3.57,MODERATE
45.43,942.63,6.96,MODERATE
68.1,946.87,-4.45,MODERATE
44.14,973.86,9.27,MODERATE
34.37,990.5,2.45,MODERATE
69.64,955.93,-3.76,MODERATE
46.24,962.13,-4.78,MODERATE
46.36,951.65,6.69,MODERATE
67.68,935.3,8.57,MODERATE
36.23,956.45,-8.15,MODERATE
39.86,953.71,9.36,MODERATE
50.08,964.39,0.03,MODERATE
42.88,998.25,5.02,MODERATE
61.14,943.28,1.56,MODERATE
66.56,951.93,-8.89,MODERATE
34.25,986.24,-5.75,MODERATE
57.89,926.5,7.69,MODERATE
66.24,920.46,8.18,MODERATE
45.3,948.13,-6.19,MODERATE
40.65,983.21,-3.16,MODERATE
49.48,963.96,-4.24,MODERATE
51.74,983.95,-4.0,MODERATE
55.46,936.41,-7.67,MODERATE
53.68,952.74,8.05,MODERATE
46.38,976.4,8.63,MODERATE
63.56,965.22,1.33,MODERATE
57.65,949.1,-3.46,MODERATE
34.39,988.5,6.53,MODERATE
62.84,949.82,-0.72,MODERATE
38.27,958.05,9.61,MODERATE
41.73,970.5,4.78,MODERATE
35.17,964.64,3.17,MODERATE
53.16,930.67,8.77,MODERATE
63.47,955.26,9.67,MODERATE
43.35,965.66,-3.05,MODERATE
35.81,980.95,-8.94,MODERATE
58.91,928.28,2.28,MODERATE
43.1,963.39,1.55,MODERATE
46.93,969.51,-0.45,MODERATE
46.63,969.87,-2.75,MODERATE
63.01,930.82,-8.31,MODERATE
50.8,949.65,-0.36,MODERATE
64.27,937.39,6.17,MODERATE
63.65,926.83,-2.31,MODERATE
50.53,965.63,-7.63,MODERATE
67.61,939.58,3.68,MODERATE
53.14,956.46,-1.85,MODERATE
39.8,962.49,3.13,MODERATE
68.96,966.89,-8.63,MODERATE
49.04,968.45,-7.67,MODERATE
56.06,956.64,-8.46,MODERATE
46.77,970.54,1.01,MODERATE
48.52,967.53,2.24,MODERATE
47.44,968.97,-4.89,MODERATE
37.81,956.15,3.52,MODERATE
57.69,925.5,-8.6,MODERATE
48.23,956.12,6.55,MODERATE
35.51,969.25,-1.62,MODERATE
40.06,972.24,-5.37,MODERATE
52.09,973.18,4.63,MODERATE
68.49,946.81,8.69,MODERATE
66.99,939.17,2.71,MODERATE
56.67,975.29,0.63,MODERATE
58.39,943.19,-1.43,MODERATE
60.33,945.19,6.66,MODERATE
53.45,960.66,6.89,MODERATE
49.53,971.46,-4.98,MODERATE
64.39,942.41,-0.32,MODERATE
52.51,967.59,-3.5,MODERATE
35.41,948.12,-4.56,MODERATE
34.23,998.38,-3.08,MODERATE
58.16,941.46,6.11,MODERATE
68.08,962.12,-4.68,MODERATE
69.65,933.23,-9.48,MODERATE
55.73,973.51,-7.59,MODERATE
67.79,958.53,-6.38,MODERATE
56.42,942.86,0.93,MODERATE
49.02,945.55,-6.8,MODERATE
40.15,992.29,7.96,MODERATE
37.03,965.83,-2.14,MODERATE
37.61,955.4,-5.32,MODERATE
34.85,980.31,6.7,MODERATE
69.09,935.31,7.37,MODERATE
67.35,935.04,-1.61,MODERATE
35.82,975.43,-2.14,MODERATE
35.03,967.17,1.67,MODERATE
34.41,965.44,-9.19,MODERATE
55.18,969.89,-2.05,MODERATE
69.06,914.94,4.19,MODERATE
43.77,971.34,8.08,MODERATE
47.49,953.06,-1.48,MODERATE
63.97,947.08,6.11,MODERATE
42.08,977.46,8.61,MODERATE
37.43,964.34,-1.0,MODERATE
46.15,974.01,-8.97,MODERATE
51.73,946.64,-1.16,MODERATE
46.04,974.06,-6.77,MODERATE
54.59,919.85,6.11,MODERATE
61.37,946.05,-4.64,MODERATE
47.0,960.46,-1.83,MODERATE
58.47,975.05,-6.13,MODERATE
57.09,940.01,-4.8,MODERATE
65.9,939.41,-5.4,MODERATE
48.81,970.34,-5.19,MODERATE
58.21,959.54,6.49,MODERATE
48.29,976.3,-6.87,MODERATE
31.97,999.05,-9.59,MINOR
16.87,976.01,4.85,MINOR
18.59,1000.49,-3.44,MINOR
34.92,991.81,-9.21,MINOR
25.76,964.53,-6.45,MINOR
22.6,1013.9,-3.72,MINOR
34.56,989.36,-3.88,MINOR
32.93,985.21,-14.68,MINOR
33.82,986.13,-9.94,MINOR
34.91,964.23,-12.94,MINOR
17.9,985.31,-1.47,MINOR
28.67,994.75,-2.94,MINOR
30.7,953.5,-9.48,MINOR
32.68,1004.74,-10.47,MINOR
30.92,988.36,-0.06,MINOR
20.03,970.23,-13.8,MINOR
18.01,1008.08,-14.1,MINOR
31.89,983.0,-8.17,MINOR
26.01,980.86,-5.69,MINOR
15.31,1002.69,-13.37,MINOR
20.95,990.19,-6.47,MINOR
27.61,978.3,-11.51,MINOR
21.81,991.48,-13.99,MINOR
35.48,975.68,-3.46,MINOR
27.97,970.43,-13.2,MINOR
28.82,981.19,-8.18,MINOR
36.1,957.89,-0.71,MINOR
21.75,984.06,-4.49,MINOR
31.05,980.62,-1.47,MINOR
30.63,981.65,3.92,MINOR
21.8,997.99,-2.33,MINOR
28.65,964.29,-14.68,MINOR
31.76,995.71,-3.87,MINOR
22.88,968.43,-12.31,MINOR
17.17,981.43,-6.96,MINOR
31.77,982.54,0.6,MINOR
17.72,972.82,-14.74,MINOR
27.43,971.21,2.02,MINOR
37.03,982.1,-13.3,MINOR
27.62,1015,-7.4,MINOR
28.96,960.2,-13.1,MINOR
22.24,978.83,-13.07,MINOR
19.07,990.46,-4.36,MINOR
35.09,979.03,4.91,MINOR
28.4,973.17,-8.89,MINOR
24.26,1000.96,-1.55,MINOR
30.69,967.43,-2.35,MINOR
17.95,986.06,-3.43,MINOR
30.95,994.59,2.46,MINOR
26.5,995.8,-0.4,MINOR
29.24,973.87,-2.66,MINOR
34.55,949.38,-11.08,MINOR
17.89,1015,-4.17,MINOR
16.98,983.39,-13.86,MINOR
17.43,1010.28,-10.33,MINOR
29.67,1014.51,1.4,MINOR
15.96,1015,-9.95,MINOR
22.08,987.63,-2.73,MINOR
35.65,979.52,-0.4,MINOR
23.39,1005.91,-2.18,MINOR
25.72,993.26,-3.87,MINOR
23.25,972.95,3.23,MINOR
15.48,988.91,0.33,MINOR
31.15,976.52,-8.37,MINOR
30.54,1000.85,-5.92,MINOR
24.48,976.83,3.69,MINOR
20.77,992.5,4.39,MINOR
23.69,971.63,-13.76,MINOR
22.8,968.44,-1.84,MINOR
37.95,972.38,-5.97,MINOR
23.16,972.92,2.67,MINOR
24.54,981.87,-7.25,MINOR
30.17,1009.72,-13.77,MINOR
33.72,964.59,3.81,MINOR
29.92,1015,-3.37,MINOR
24.23,977.63,-8.24,MINOR
17.92,975.32,-0.31,MINOR
19.8,984.82,-13.83,MINOR
27.7,997.23,-3.46,MINOR
22.95,990.88,1.06,MINOR
27.43,984.43,3.16,MINOR
24.12,974.01,-9.07,MINOR
18.3,988.37,-3.09,MINOR
16.85,975.91,3.79,MINOR
32.37,995.67,-13.4,MINOR
25.97,988.79,-2.4,MINOR
34.06,965.34,3.82,MINOR
17.86,1005.62,2.5,MINOR
37.33,981.06,-14.19,MINOR
24.32,973.47,-4.67,MINOR
28.35,984.45,-5.37,MINOR
33.62,983.47,4.01,MINOR
15.51,985.64,-12.36,MINOR
25.12,997.55,-2.12,MINOR
23.76,988.21,3.05,MINOR
23.81,977.34,-10.67,MINOR
25.18,989.71,-7.94,MINOR
33.4,994.73,-3.91,MINOR
34.0,994.62,-3.03,MINOR
24.53,994.08,4.16,MINOR
27.45,962.39,-2.49,MINOR
28.15,989.43,-11.3,MINOR
16.37,1014.64,-4.53,MINOR
20.22,998.1,-1.67,MINOR
16.84,974.91,-11.31,MINOR
19.65,987.19,-7.27,MINOR
16.18,998.12,-5.33,MINOR
23.8,948.72,1.78,MINOR
18.34,980.74,-13.58,MINOR
28.2,981.94,-3.68,MINOR
35.19,983.01,-14.03,MINOR
17.25,993.78,-14.12,MINOR
19.26,1015,-14.09,MINOR
36.76,982.19,1.84,MINOR
21.82,963.61,-7.84,MINOR
37.76,974.04,-1.31,MINOR
36.83,968.17,-3.91,MINOR
16.77,978.05,-14.92,MINOR
30.42,962.88,-5.21,MINOR
24.56,1012.0,-14.52,MINOR
22.71,988.94,-0.43,MINOR
22.25,995.36,-7.14,MINOR
20.45,998.86,-4.06,MINOR
25.93,999.68,3.45,MINOR
16.67,979.86,0.65,MINOR
37.83,952.49,-10.19,MINOR
35.11,967.45,-7.01,MINOR
24.42,994.51,4.56,MINOR
19.16,981.88,-0.38,MINOR
24.66,1001.51,-3.43,MINOR
34.15,980.95,-13.81,MINOR
30.92,983.31,-12.2,MINOR
24.56,952.29,-4.61,MINOR
37.92,988.64,-12.3,MINOR
30.54,964.45,-11.83,MINOR
36.83,968.91,2.59,MINOR
35.86,994.66,-5.32,MINOR
24.62,967.85,-7.84,MINOR
28.66,963.64,-5.57,MINOR
27.73,986.22,-3.59,MINOR
19.83,1008.24,-3.72,MINOR
21.01,979.63,-1.1,MINOR
28.05,991.8,-2.8,MINOR
26.23,996.19,-12.34,MINOR
21.01,1015,-4.73,MINOR
21.63,966.26,-14.87,MINOR
26.41,998.5,-14.52,MINOR
28.45,967.93,3.83,MINOR
19.01,977.62,-2.49,MINOR
27.66,981.41,-6.85,MINOR
26.99,982.44,-14.55,MINOR
34.82,975.93,-3.46,MINOR
35.49,993.31,-6.41,MINOR
32.25,983.63,3.26,MINOR
28.16,973.26,-11.03,MINOR
20.68,977.47,-8.87,MINOR
27.77,958.89,-2.69,MINOR
16.88,1015,-13.24,MINOR
18.95,968.71,-9.33,MINOR
24.21,987.2,1.24,MINOR
15.32,1014.73,0.97,MINOR
36.45,991.29,-14.6,MINOR
18.54,989.85,-3.71,MINOR
30.25,994.74,-1.42,MINOR
36.43,983.31,-14.02,MINOR
20.31,984.23,2.95,MINOR
20.89,982.0,2.18,MINOR
26.5,978.01,-1.5,MINOR
20.5,1001.38,-8.75,MINOR
24.45,997.34,-10.81,MINOR
37.46,980.93,-8.93,MINOR
32.98,979.83,0.32,MINOR
30.91,977.66,-12.39,MINOR
30.45,985.8,-0.41,MINOR
28.23,982.11,-8.76,MINOR
24.83,963.25,-2.1,MINOR
32.14,970.34,-9.62,MINOR
19.57,969.16,0.67,MINOR
35.91,994.21,2.94,MINOR
34.46,965.15,-11.34,MINOR
36.99,950.38,-13.75,MINOR
26.18,966.46,-12.82,MINOR
20.72,1004.14,2.51,MINOR
21.96,979.24,2.17,MINOR
34.72,966.81,-1.19,MINOR
36.74,979.61,-1.35,MINOR
22.63,1015,-4.79,MINOR
17.76,992.37,-8.76,MINOR
33.46,974.61,-1.75,MINOR
32.29,982.82,1.24,MINOR
36.75,985.5,-12.37,MINOR
31.22,972.39,-0.16,MINOR
30.59,987.71,-11.62,MINOR
16.23,988.26,-0.65,MINOR
25.94,978.8,-11.63,MINOR
34.24,991.51,-4.02,MINOR
19.35,992.02,-2.91,MINOR
25.6,1011.5,1.57,MINOR
34.08,967.02,1.78,MINOR
30.43,984.29,-1.06,MINOR
23.35,992.07,-12.75,MINOR
24.38,994.74,2.73,MINOR
16.09,995.01,-2.37,MINOR
21.22,991.59,-10.02,MINOR
36.67,988.28,-7.14,MINOR
18.2,980.85,-14.79,MINOR
27.52,981.57,-7.86,MINOR
22.91,990.41,-4.59,MINOR
25.14,985.09,-4.84,MINOR
18.18,1007.54,4.65,MINOR
20.75,992.47,-3.09,MINOR
24.55,977.02,-6.56,MINOR
33.06,984.6,-2.03,MINOR
24.64,978.09,-5.84,MINOR
20.9,990.36,-8.58,MINOR
28.71,1006.06,4.91,MINOR
25.01,981.56,-13.91,MINOR
19.7,999.6,-6.63,MINOR
20.05,997.13,-11.64,MINOR
17.77,1002.43,-13.65,MINOR
31.65,976.55,-12.62,MINOR
26.79,994.32,-8.02,MINOR
23.62,1008.21,-12.79,MINOR
15.82,1006.29,4.89,MINOR
20.35,988.05,1.05,MINOR
22.85,980.34,-6.12,MINOR
30.54,996.54,2.32,MINOR
15.23,995.19,0.56,MINOR
25.6,984.25,4.74,MINOR
32.36,982.09,-10.03,MINOR
27.38,986.94,-8.09,MINOR
15.16,986.4,-6.93,MINOR
20.4,981.72,1.55,MINOR
15.01,1010.43,-8.84,MINOR
20.55,992.98,-9.17,MINOR
24.6,965.51,-7.46,MINOR
35.15,974.62,-8.4,MINOR
17.46,1006.28,4.07,MINOR
16.39,977.77,-8.59,MINOR
18.78,975.34,0.66,MINOR
17.82,978.81,-13.59,MINOR
35.92,978.88,-11.2,MINOR
33.89,964.04,4.11,MINOR
20.68,990.6,2.19,MINOR
18.88,1014.67,3.7,MINOR
35.91,975.12,1.39,MINOR
35.43,964.98,-9.22,MINOR
23.67,972.96,-7.13,MINOR
27.52,989.8,-11.65,MINOR
22.14,974.84,-4.93,MINOR
33.32,988.54,-11.88,MINOR
27.58,1001.93,-13.25,MINOR
23.68,978.77,-9.52,MINOR
36.98,971.6,4.07,MINOR
23.1,995.26,-12.18,MINOR
32.56,975.43,-12.83,MINOR
37.57,992.15,-8.15,MINOR
29.44,972.08,-11.16,MINOR
18.36,995.83,1.17,MINOR
16.59,1006.34,-8.3,MINOR
22.22,966.76,-12.03,MINOR
28.72,1001.08,1.29,MINOR
23.79,982.04,-10.25,MINOR
21.9,983.04,-2.14,MINOR
28.82,966.4,1.48,MINOR
19.69,1011.38,-5.62,MINOR
33.42,971.66,-1.32,MINOR
15.58,1006.43,-1.2,MINOR
22.27,989.87,-10.18,MINOR
23.9,977.44,-13.39,MINOR
18.38,983.57,3.22,MINOR
15.14,990.9,-5.32,MINOR
17.83,999.26,-11.77,MINOR
37.21,969.58,-10.88,MINOR
32.06,992.99,-3.92,MINOR
27.29,984.53,-11.09,MINOR
18.82,987.48,-7.56,MINOR
32.48,986.46,-8.22,MINOR
36.9,982.37,2.62,MINOR
16.14,1015,-9.86,MINOR
25.7,995.46,3.38,MINOR
24.75,972.76,-8.16,MINOR
37.12,964.25,-7.97,MINOR
35.92,930.58,-3.62,MINOR
32.53,969.35,-6.33,MINOR
34.51,991.49,-7.73,MINOR
33.26,979.13,-0.17,MINOR
33.52,985.05,1.9,MINOR
24.09,984.05,-1.52,MINOR
25.36,976.11,-0.02,MINOR
23.21,969.76,-0.01,MINOR
27.55,989.77,-10.92,MINOR
21.71,986.54,-10.68,MINOR
37.25,997.72,-0.7,MINOR
37.01,959.72,2.96,MINOR
27.08,944.1,-0.85,MINOR
20.8,973.66,-10.88,MINOR
15.02,992.78,-14.21,MINOR
37.48,983.81,1.78,MINOR
27.67,964.52,-11.94,MINOR
31.75,1001.03,0.39,MINOR
37.43,982.44,-3.53,MINOR
22.86,978.57,2.95,MINOR
17.75,995.2,-8.44,MINOR
33.76,951.55,-5.53,MINOR
34.65,997.93,-8.2,MINOR
35.0,976.45,1.95,MINOR
19.18,988.65,-6.39,MINOR
18.81,995.91,-2.29,MINOR
19.52,1015,-10.77,MINOR
15.95,1003.5,2.16,MINOR
30.34,951.51,-6.29,MINOR
36.92,978.08,-4.45,MINOR
20.95,991.59,-13.94,MINOR
31.7,972.79,-4.35,MINOR
27.98,971.45,-2.99,MINOR
18.82,1013.05,4.4,MINOR
31.74,955.82,3.45,MINOR
32.53,958.35,-1.67,MINOR
29.34,986.36,-2.95,MINOR
26.27,952.87,-4.61,MINOR
19.54,995.8,1.1,MINOR
19.27,988.82,-1.83,MINOR
25.07,972.54,-9.46,MINOR
27.84,990.42,3.45,MINOR
26.55,980.53,-8.44,MINOR
31.95,977.6,-8.27,MINOR
36.17,965.64,-14.76,MINOR
27.71,980.69,-13.29,MINOR
37.37,998.2,-4.64,MINOR
29.13,979.37,-6.42,MINOR
16.72,969.34,-12.88,MINOR
34.26,965.01,-4.9,MINOR
32.68,968.17,-13.76,MINOR
28.27,999.4,-9.75,MINOR
24.7,982.11,-14.2,MINOR
25.33,1009.94,-8.35,MINOR
22.26,1015,-12.87,MINOR
23.44,989.82,4.33,MINOR
37.31,967.79,2.3,MINOR
28.82,965.22,-2.38,MINOR
25.48,999.45,-5.36,MINOR
32.43,963.12,3.49,MINOR
16.29,976.38,-5.29,MINOR
35.99,987.91,-10.01,MINOR
22.9,1015,2.04,MINOR
27.86,968.03,-14.68,MINOR
37.16,973.35,-7.46,MINOR
28.87,984.66,3.65,MINOR
28.24,973.66,-12.48,MINOR
28.38,974.1,2.6,MINOR
29.92,1001.48,2.98,MINOR
29.34,974.72,-10.96,MINOR
35.9,962.58,0.21,MINOR
30.56,965.73,0.13,MINOR
25.91,975.46,-10.48,MINOR
29.18,979.42,-5.63,MINOR
18.4,987.91,4.69,MINOR
19.81,985.84,0.38,MINOR
24.79,979.79,-3.69,MINOR
15.48,993.64,1.33,MINOR
35.36,967.06,-13.27,MINOR
27.38,979.53,1.59,MINOR
18.08,1003.33,3.71,MINOR
32.28,980.22,-7.73,MINOR
36.58,979.68,-9.49,MINOR
22.64,1002.63,3.59,MINOR
19.71,1001.84,0.96,MINOR
31.99,975.59,-9.34,MINOR
22.0,978.62,4.66,MINOR
29.78,998.4,-6.31,MINOR
35.0,967.6,-11.39,MINOR
36.8,963.06,0.12,MINOR
24.06,969.53,-2.84,MINOR
25.23,972.17,-13.83,MINOR
21.9,999.35,-5.51,MINOR
18.86,973.76,-13.85,MINOR
28.42,956.36,2.69,MINOR
18.49,1015,-6.61,MINOR
31.13,993.88,-6.79,MINOR
26.61,979.17,-7.63,MINOR
37.52,973.96,-6.59,MINOR
26.54,987.3,-3.36,MINOR
33.35,983.9,2.29,MINOR
25.51,949.13,4.33,MINOR
31.03,971.24,-13.34,MINOR
34.85,963.66,-4.01,MINOR
24.59,984.89,2.55,MINOR
19.69,993.65,-13.91,MINOR
37.35,991.58,-4.75,MINOR
21.69,1005.5,-8.9,MINOR
19.43,989.1,-12.42,MINOR
21.85,985.86,-10.45,MINOR
18.82,1013.8,-8.35,MINOR
36.62,953.44,2.82,MINOR
25.59,983.49,-0.81,MINOR
37.63,957.79,-11.31,MINOR
15.91,1008.83,-14.56,MINOR
32.81,975.72,-2.88,MINOR
24.85,968.53,-14.46,MINOR
15.67,990.32,-4.76,NONE
17.87,1002.99,-9.29,NONE
9.54,1001.68,-2.25,NONE
17.88,1000.07,-7.7,NONE
18.54,1018.86,-9.82,NONE
9.06,998.36,-0.82,NONE
2.86,1007.39,-14.35,NONE
5.58,1002.15,-0.02,NONE
1.1,1007.36,-18.35,NONE
3.09,1003.19,-9.79,NONE
5.18,999.49,-18.26,NONE
6.06,1019.0,-1.11,NONE
6.7,1007.13,-1.81,NONE
0.12,1014.32,-1.03,NONE
1.83,994.84,-0.79,NONE
10.75,990.43,-14.85,NONE
9.0,1010.79,-5.34,NONE
19.91,998.63,-9.24,NONE
10.67,1002.17,-16.62,NONE
19.55,1015.6,-10.03,NONE
12.06,996.82,-9.12,NONE
13.9,1005.46,-0.19,NONE
12.23,1001.13,-4.56,NONE
3.41,1001.54,-13.06,NONE
8.64,1013.45,-10.32,NONE
15.88,1007.29,-13.16,NONE
16.2,997.15,-15.51,NONE
10.09,997.83,-19.82,NONE
12.97,1005.33,-11.09,NONE
19.34,1007.14,-2.73,NONE
2.79,1007.08,-2.64,NONE
11.66,1011.54,-12.56,NONE
1.85,1003.74,-12.11,NONE
17.34,997.32,-0.67,NONE
19.16,997.43,-13.04,NONE
17.91,1019.0,-11.13,NONE
6.42,1005.78,-6.24,NONE
5.47,1012.09,-18.97,NONE
0.99,1001.59,-12.93,NONE
6.31,1004.73,-13.59,NONE
3.85,999.28,-0.5,NONE
8.22,1003.34,-8.47,NONE
19.67,997.25,-6.37,NONE
14.32,1008.22,-18.23,NONE
13.54,991.92,-8.08,NONE
14.79,996.33,-3.17,NONE
0.61,1015.31,-10.79,NONE
4.35,994.01,-0.93,NONE
1.45,995.97,-13.04,NONE
12.4,1006.34,-17.49,NONE
5.79,997.16,-15.73,NONE
8.22,1011.12,-15.65,NONE
7.33,1001.73,-0.47,NONE
19.09,1014.0,-15.17,NONE
1.36,999.51,-14.66,NONE
10.12,1013.33,-2.83,NONE
16.9,1000.79,-6.26,NONE
6.26,991.83,-5.97,NONE
0.2,1002.28,-13.41,NONE
13.87,1012.99,-13.92,NONE
16.23,998.82,-11.07,NONE
14.54,1010.79,-0.25,NONE
4.5,1009.87,-7.81,NONE
18.3,994.69,-4.96,NONE
11.37,998.24,-10.51,NONE
6.68,1007.38,-2.22,NONE
11.39,1008.95,-9.63,NONE
1.02,996.99,-10.16,NONE
6.2,995.45,-9.92,NONE
6.46,997.74,-10.72,NONE
2.67,1017.83,-2.65,NONE
14.15,993.19,-4.48,NONE
16.16,1013.03,-17.72,NONE
12.88,1015.03,-8.45,NONE
12.93,1003.75,-9.43,NONE
0.69,1009.17,-18.37,NONE
8.7,998.78,-9.09,NONE
2.67,1010.75,-4.1,NONE
3.27,993.13,-17.09,NONE
17.54,1005.85,-10.65,NONE
2.13,1009.49,-2.64,NONE
16.56,1008.78,-18.49,NONE
2.25,991.48,-14.85,NONE
2.71,997.8,-12.3,NONE
18.86,1008.31,-3.3,NONE
14.21,993.38,-5.28,NONE
5.5,1009.17,-13.18,NONE
19.95,997.91,-14.42,NONE
18.61,990.74,-6.07,NONE
14.51,1015.09,-0.51,NONE
19.51,991.96,-3.56,NONE
12.93,1009.42,-17.43,NONE
13.0,1019.47,-1.76,NONE
8.78,991.2,-12.75,NONE
16.53,1011.04,-10.81,NONE
1.1,1002.81,-10.62,NONE
18.57,1009.23,-13.77,NONE
10.51,991.98,-0.55,NONE
7.2,1004.34,-12.89,NONE
13.65,1009.87,-5.69,NONE
5.36,999.47,-17.49,NONE
13.11,991.19,-8.05,NONE
17.39,1016.72,-11.02,NONE
9.19,992.31,-6.58,NONE
16.43,997.34,-11.57,NONE
16.78,1016.31,-15.14,NONE
11.01,995.77,-17.96,NONE
18.22,1014.62,-4.8,NONE
0.98,1015.31,-11.24,NONE
6.85,1006.39,-18.17,NONE
15.13,1007.47,-16.27,NONE
3.76,995.53,-18.86,NONE
11.76,1015.21,-19.65,NONE
0.98,1007.18,-3.61,NONE
6.53,1000.49,-8.07,NONE
5.48,990.8,-5.3,NONE
12.51,1007.42,-5.17,NONE
13.5,996.18,-12.95,NONE
2.52,993.9,-6.48,NONE
17.17,1018.88,-7.43,NONE
3.68,993.17,-3.74,NONE
11.58,1008.55,-4.37,NONE
14.07,1015.03,-18.88,NONE
14.95,1015.53,-14.28,NONE
12.81,999.42,-0.84,NONE
0.67,1007.39,-16.67,NONE
14.24,995.28,-15.29,NONE
9.89,1017.45,-15.77,NONE
2.88,1012.77,-9.99,NONE
18.24,994.4,-7.08,NONE
4.66,994.7,-6.33,NONE
11.87,1012.64,-13.81,NONE
8.96,1002.16,-0.32,NONE
5.84,998.84,-12.91,NONE
11.29,997.57,-1.69,NONE
5.31,1016.87,-17.93,NONE
13.13,1017.21,-16.63,NONE
19.37,1003.59,-1.09,NONE
13.54,999.05,-16.23,NONE
6.07,992.79,-17.12,NONE
2.09,1002.69,-4.09,NONE
2.83,993.91,-7.13,NONE
3.94,992.93,-16.66,NONE
18.47,1014.64,-12.92,NONE
13.12,1006.12,-6.46,NONE
13.65,1008.86,-14.68,NONE
0.78,1003.67,-2.18,NONE
11.39,1014.97,-0.17,NONE
3.27,1010.75,-6.51,NONE
19.6,1019.57,-6.27,NONE
4.87,1013.96,-17.86,NONE
15.61,1017.31,-12.34,NONE
12.61,1002.9,-11.24,NONE
6.21,1012.86,-1.28,NONE
18.82,995.24,-2.51,NONE
14.75,997.59,-18.65,NONE
5.36,1017.37,-7.34,NONE
14.42,997.71,-5.61,NONE
0.56,1001.26,-7.46,NONE
2.92,1014.69,-15.3,NONE
13.05,1002.16,-8.08,NONE
2.15,990.51,-1.81,NONE
5.39,1014.59,-0.01,NONE
4.23,997.96,-6.74,NONE
19.31,1017.47,-9.94,NONE
15.9,994.07,-0.45,NONE
19.29,994.91,-14.01,NONE
2.0,998.15,-3.68,NONE
7.57,992.65,-13.16,NONE
19.63,1008.89,-11.68,NONE
3.33,1019.59,-3.58,NONE
5.63,992.1,-18.87,NONE
2.41,1007.42,-1.42,NONE
9.93,1015.29,-11.08,NONE
14.17,1011.96,-16.52,NONE
7.22,1009.12,-18.59,NONE
7.23,1006.04,-0.08,NONE
9.49,1014.48,-11.36,NONE
15.93,1007.86,-2.27,NONE
8.22,1008.13,-7.4,NONE
8.35,994.33,-18.13,NONE
0.33,1016.21,-15.27,NONE
4.23,1012.08,-13.6,NONE
10.12,994.88,-0.81,NONE
17.03,1015.91,-11.86,NONE
15.25,994.32,-19.83,NONE
0.4,1007.6,-10.89,NONE
10.36,990.22,-11.55,NONE
14.36,1003.28,-5.36,NONE
4.66,1014.39,-8.23,NONE
4.22,997.1,-7.44,NONE
16.6,1002.47,-14.83,NONE
17.34,1010.08,-11.04,NONE
9.76,996.13,-7.46,NONE
7.17,1019.87,-10.4,NONE
9.72,1006.98,-1.66,NONE
16.02,1003.53,-5.63,NONE
11.72,1004.77,-16.15,NONE
9.28,997.37,-1.7,NONE
6.71,1018.57,-9.34,NONE
12.63,1006.29,-17.41,NONE
7.52,992.97,-7.54,NONE
8.94,1013.34,-15.59,NONE
3.29,1002.19,-1.47,NONE
14.21,1002.57,-9.65,NONE
1.68,1019.54,-6.67,NONE
5.71,1007.57,-17.81,NONE
19.32,995.24,-7.04,NONE
4.91,1011.53,-4.46,NONE
13.47,1008.43,-2.15,NONE
1.57,999.93,-15.03,NONE
19.76,1001.68,-5.35,NONE
13.69,996.36,-15.22,NONE
5.63,1002.33,-15.31,NONE
0.39,1016.38,-0.69,NONE
6.83,1000.16,-19.86,NONE
13.61,1014.76,-17.07,NONE
3.19,1013.7,-7.67,NONE
0.9,1008.68,-13.82,NONE
7.37,1013.09,-3.78,NONE
8.01,1018.41,-11.87,NONE
15.44,1004.52,-2.05,NONE
18.16,992.62,-1.27,NONE
16.51,1013.74,-15.98,NONE
16.1,1015.5,-14.22,NONE
19.05,991.5,-17.0,NONE
10.75,1007.27,-7.1,NONE
0.34,1018.81,-19.11,NONE
2.86,990.42,-8.66,NONE
18.65,1009.98,-3.55,NONE
0.27,1006.26,-10.81,NONE
9.98,992.17,-6.31,NONE
10.06,1012.95,-10.29,NONE
2.99,1009.45,-16.55,NONE
17.45,1008.39,-16.86,NONE
19.25,1005.55,-18.54,NONE
12.54,997.6,-3.93,NONE
16.36,1019.37,-9.96,NONE
9.1,1012.6,-17.35,NONE
10.94,1006.39,-18.21,NONE
8.36,1015.6,-2.88,NONE
1.98,992.72,-14.75,NONE
17.5,993.87,-5.6,NONE
2.02,1008.69,-12.88,NONE
15.78,997.01,-7.22,NONE
4.71,1011.41,-2.53,NONE
2.54,1016.0,-8.13,NONE
2.54,1002.83,-16.78,NONE
14.01,1012.77,-17.88,NONE
10.12,1014.44,-1.28,NONE
10.27,1018.51,-9.29,NONE
7.88,1015.45,-10.14,NONE
9.44,1004.71,-3.06,NONE
16.64,1002.11,-13.33,NONE
9.84,1007.18,-15.23,NONE
15.88,1004.59,-13.32,NONE
2.14,997.17,-1.01,NONE
6.1,995.07,-10.79,NONE
6.14,991.05,-13.54,NONE
10.88,1006.55,-12.87,NONE
8.95,1018.97,-12.45,NONE
5.16,997.3,-10.84,NONE
15.19,996.18,-5.81,NONE
0.42,1002.57,-4.48,NONE
6.77,1006.91,-15.9,NONE
14.84,991.57,-2.95,NONE
3.96,1016.23,-12.95,NONE
14.45,999.58,-1.88,NONE
2.53,995.36,-10.14,NONE
1.64,995.88,-1.12,NONE
19.53,1001.29,-1.53,NONE
10.9,998.09,-5.95,NONE
13.18,1019.67,-14.7,NONE
13.44,991.56,-17.73,NONE
0.08,1019.98,-3.95,NONE
15.73,1005.29,-14.0,NONE
3.03,998.54,-12.48,NONE
15.13,1006.19,-18.45,NONE
0.36,993.07,-11.79,NONE
18.66,1009.12,-3.96,NONE
9.33,1000.85,-17.83,NONE
17.52,1013.49,-16.64,NONE
10.25,1004.62,-7.5,NONE
18.92,1007.39,-9.2,NONE
1.01,991.89,-16.25,NONE
0.65,1012.3,-5.53,NONE
2.72,1015.08,-16.9,NONE
6.02,997.47,-12.55,NONE
5.09,1004.67,-11.85,NONE
19.73,991.68,-17.16,NONE
1.06,1008.78,-18.91,NONE
16.73,1005.36,-9.46,NONE
11.23,995.12,-16.05,NONE
6.38,1007.8,-15.8,NONE
2.33,1019.1,-19.56,NONE
16.05,1013.64,-14.06,NONE
2.71,994.37,-6.05,NONE
12.86,1013.48,-1.25,NONE
13.84,994.68,-15.13,NONE
16.84,996.28,-18.55,NONE
