magnitude,depth_km,tsunami_flag,severity_label
7.82,95.17,1,CATASTROPHIC
8.32,17.29,0,CATASTROPHIC
7.13,86.89,1,CATASTROPHIC
8.56,4.02,1,CATASTROPHIC
8.83,22.81,0,CATASTROPHIC
7.4,31.82,1,CATASTROPHIC
7.95,30.54,1,CATASTROPHIC
7.31,30.63,1,CATASTROPHIC
8.0,78.95,0,CATASTROPHIC
8.13,60.06,0,CATASTROPHIC
8.34,18.71,0,CATASTROPHIC
9.09,96.63,1,CATASTROPHIC
7.67,11.57,1,CATASTROPHIC
7.97,13.96,1,CATASTROPHIC
7.08,91.11,0,CATASTROPHIC
8.46,32.55,1,CATASTROPHIC
8.2,20.12,1,CATASTROPHIC
8.71,94.07,1,CATASTROPHIC
8.32,92.34,0,CATASTROPHIC
7.43,6.43,1,CATASTROPHIC
7.86,28.59,1,CATASTROPHIC
7.78,29.53,1,CATASTROPHIC
7.31,80.62,0,CATASTROPHIC
9.17,77.68,0,CATASTROPHIC
7.01,81.92,1,CATASTROPHIC
8.6,77.58,0,CATASTROPHIC
7.79,13.36,1,CATASTROPHIC
8.37,34.43,0,CATASTROPHIC
7.68,33.87,1,CATASTROPHIC
8.4,88.95,1,CATASTROPHIC
7.26,71.9,1,CATASTROPHIC
8.23,77.55,1,CATASTROPHIC
8.15,43.9,0,CATASTROPHIC
7.24,5.08,1,CATASTROPHIC
7.69,51.84,1,CATASTROPHIC
7.55,42.22,1,CATASTROPHIC
7.5,9.54,0,CATASTROPHIC
7.35,93.11,1,CATASTROPHIC
8.39,87.4,1,CATASTROPHIC
7.41,89.47,1,CATASTROPHIC
8.78,89.82,1,CATASTROPHIC
7.24,24.34,1,CATASTROPHIC
8.8,86.35,0,CATASTROPHIC
8.12,42.91,0,CATASTROPHIC
7.26,35.09,1,CATASTROPHIC
7.71,52.84,1,CATASTROPHIC
7.8,97.23,1,CATASTROPHIC
7.55,50.73,1,CATASTROPHIC
7.63,5.61,1,CATASTROPHIC
8.11,7.04,0,CATASTROPHIC
9.0,25.48,0,CATASTROPHIC
8.08,98.59,0,CATASTROPHIC
8.48,76.64,0,CATASTROPHIC
8.6,38.04,1,CATASTROPHIC
8.39,54.51,0,CATASTROPHIC
8.84,33.44,0,CATASTROPHIC
7.09,59.91,1,CATASTROPHIC
7.04,52.19,0,CATASTROPHIC
8.42,19.09,1,CATASTROPHIC
7.85,93.8,0,CATASTROPHIC
7.75,13.12,1,CATASTROPHIC
8.93,27.28,1,CATASTROPHIC
8.8,56.41,1,CATASTROPHIC
7.53,11.12,1,CATASTROPHIC
8.98,64.04,1,CATASTROPHIC
7.77,73.14,1,CATASTROPHIC
8.95,78.43,1,CATASTROPHIC
7.19,17.84,1,CATASTROPHIC
8.33,2.9,0,CATASTROPHIC
8.46,2.5,0,CATASTROPHIC
8.21,69.81,1,CATASTROPHIC
7.49,71.79,0,CATASTROPHIC
7.72,75.16,1,CATASTROPHIC
8.87,66.45,1,CATASTROPHIC
7.21,38.04,0,CATASTROPHIC
7.54,97.36,1,CATASTROPHIC
8.96,63.85,1,CATASTROPHIC
8.11,58.54,1,CATASTROPHIC
7.43,72.8,0,CATASTROPHIC
7.05,65.26,0,CATASTROPHIC
9.07,95.49,1,CATASTROPHIC
7.81,3.51,1,CATASTROPHIC
7.94,96.73,1,CATASTROPHIC
8.88,30.86,1,CATASTROPHIC
8.87,33.06,0,CATASTROPHIC
8.22,93.74,1,CATASTROPHIC
8.25,11.52,1,CATASTROPHIC
9.18,15.73,1,CATASTROPHIC
8.93,74.6,1,CATASTROPHIC
8.55,37.23,0,CATASTROPHIC
8.78,81.39,1,CATASTROPHIC
9.01,52.11,1,CATASTROPHIC
8.76,65.7,1,CATASTROPHIC
8.75,89.22,1,CATASTROPHIC
7.83,11.21,1,CATASTROPHIC
7.08,47.63,1,CATASTROPHIC
7.63,59.9,0,CATASTROPHIC
7.08,82.61,1,CATASTROPHIC
7.28,53.18,1,CATASTROPHIC
7.47,63.04,0,CATASTROPHIC
7.11,54.07,1,CATASTROPHIC
8.4,73.16,1,CATASTROPHIC
8.14,33.65,1,CATASTROPHIC
7.6,45.02,0,CATASTROPHIC
7.06,96.34,1,CATASTROPHIC
8.53,42.08,0,CATASTROPHIC
7.34,26.52,1,CATASTROPHIC
8.57,66.7,0,CATASTROPHIC
9.1,74.31,1,CATASTROPHIC
8.35,43.12,0,CATASTROPHIC
7.78,76.27,0,CATASTROPHIC
7.26,6.51,0,CATASTROPHIC
8.88,70.96,1,CATASTROPHIC
7.22,50.18,1,CATASTROPHIC
7.38,44.52,1,CATASTROPHIC
8.35,64.24,0,CATASTROPHIC
7.82,63.33,1,CATASTROPHIC
8.88,66.55,0,CATASTROPHIC
7.16,64.96,0,CATASTROPHIC
8.29,94.14,1,CATASTROPHIC
7.85,65.04,1,CATASTROPHIC
8.2,94.26,1,CATASTROPHIC
9.11,90.72,0,CATASTROPHIC
7.15,11.88,0,CATASTROPHIC
7.21,68.93,0,CATASTROPHIC
7.7,84.8,0,CATASTROPHIC
8.79,29.62,0,CATASTROPHIC
8.53,63.64,1,CATASTROPHIC
8.62,80.74,0,CATASTROPHIC
7.39,75.56,1,CATASTROPHIC
9.18,42.44,1,CATASTROPHIC
8.71,35.4,1,CATASTROPHIC
8.89,44.04,1,CATASTROPHIC
8.66,12.11,1,CATASTROPHIC
8.11,82.99,1,CATASTROPHIC
8.97,40.14,0,CATASTROPHIC
8.99,10.95,1,CATASTROPHIC
9.09,95.16,1,CATASTROPHIC
8.39,45.95,0,CATASTROPHIC
7.72,67.91,1,CATASTROPHIC
8.74,79.38,0,CATASTROPHIC
8.09,7.64,1,CATASTROPHIC
7.97,89.0,1,CATASTROPHIC
7.26,16.01,1,CATASTROPHIC
8.36,11.91,0,CATASTROPHIC
8.54,9.13,1,CATASTROPHIC
8.55,9.97,0,CATASTROPHIC
9.17,38.68,1,CATASTROPHIC
8.79,94.83,1,CATASTROPHIC
8.66,38.87,0,CATASTROPHIC
8.71,56.72,1,CATASTROPHIC
8.99,12.9,1,CATASTROPHIC
7.02,47.93,0,CATASTROPHIC
7.26,13.52,1,CATASTROPHIC
8.64,59.17,1,CATASTROPHIC
7.82,30.0,1,CATASTROPHIC
7.49,96.4,0,CATASTROPHIC
9.13,6.23,1,CATASTROPHIC
8.16,99.31,0,CATASTROPHIC
8.22,96.99,1,CATASTROPHIC
8.38,70.18,1,CATASTROPHIC
8.38,59.26,1,CATASTROPHIC
7.1,29.53,1,CATASTROPHIC
8.96,46.65,1,CATASTROPHIC
7.61,20.44,1,CATASTROPHIC
7.78,59.2,0,CATASTROPHIC
9.14,98.65,1,CATASTROPHIC
8.18,32.33,1,CATASTROPHIC
8.51,17.94,1,CATASTROPHIC
8.81,95.08,1,CATASTROPHIC
8.35,42.99,1,CATASTROPHIC
8.91,6.43,0,CATASTROPHIC
7.83,81.43,1,CATASTROPHIC
7.33,60.22,1,CATASTROPHIC
9.13,84.53,1,CATASTROPHIC
8.03,42.65,0,CATASTROPHIC
7.12,86.74,1,CATASTROPHIC
9.2,99.67,1,CATASTROPHIC
8.69,94.59,1,CATASTROPHIC
7.54,46.15,0,CATASTROPHIC
9.1,61.41,0,CATASTROPHIC
8.48,62.58,1,CATASTROPHIC
7.25,67.81,1,CATASTROPHIC
8.7,52.98,1,CATASTROPHIC
8.21,56.97,1,CATASTROPHIC
7.89,15.13,0,CATASTROPHIC
8.66,62.79,1,CATASTROPHIC
7.47,15.36,0,CATASTROPHIC
7.77,59.81,1,CATASTROPHIC
7.96,90.61,1,CATASTROPHIC
8.13,78.8,1,CATASTROPHIC
8.37,86.51,1,CATASTROPHIC
7.32,92.81,1,CATASTROPHIC
7.57,47.0,1,CATASTROPHIC
8.08,34.22,1,CATASTROPHIC
7.53,9.43,0,CATASTROPHIC
7.28,16.89,0,CATASTROPHIC
8.41,19.82,1,CATASTROPHIC
8.97,48.45,1,CATASTROPHIC
7.38,20.84,0,CATASTROPHIC
7.37,29.3,0,CATASTROPHIC
7.2,13.82,1,CATASTROPHIC
7.45,37.7,1,CATASTROPHIC
8.52,5.85,1,CATASTROPHIC
8.38,10.01,1,CATASTROPHIC
9.03,7.99,0,CATASTROPHIC
8.77,75.33,0,CATASTROPHIC
7.46,38.31,1,CATASTROPHIC
8.36,38.15,1,CATASTROPHIC
8.64,5.59,0,CATASTROPHIC
8.57,89.73,1,CATASTROPHIC
8.17,12.5,1,CATASTROPHIC
8.17,25.76,0,CATASTROPHIC
7.83,3.97,1,CATASTROPHIC
7.47,34.09,0,CATASTROPHIC
8.96,60.17,1,CATASTROPHIC
8.74,50.85,0,CATASTROPHIC
8.18,59.51,1,CATASTROPHIC
7.95,14.5,0,CATASTROPHIC
7.8,65.3,1,CATASTROPHIC
7.78,98.68,1,CATASTROPHIC
7.52,11.97,0,CATASTROPHIC
7.54,17.75,0,CATASTROPHIC
7.63,18.99,1,CATASTROPHIC
7.18,53.4,1,CATASTROPHIC
9.16,12.98,1,CATASTROPHIC
9.13,86.82,1,CATASTROPHIC
7.57,18.75,1,CATASTROPHIC
9.04,56.56,1,CATASTROPHIC
7.62,77.41,0,CATASTROPHIC
7.71,43.69,1,CATASTROPHIC
7.53,13.25,1,CATASTROPHIC
7.63,58.96,0,CATASTROPHIC
8.06,54.19,0,CATASTROPHIC
7.74,15.17,0,CATASTROPHIC
9.18,33.59,1,CATASTROPHIC
7.56,68.79,1,CATASTROPHIC
8.31,48.21,1,CATASTROPHIC
7.77,93.09,1,CATASTROPHIC
9.12,14.18,1,CATASTROPHIC
9.06,19.76,0,CATASTROPHIC
8.63,58.3,1,CATASTROPHIC
7.31,79.94,0,CATASTROPHIC
7.36,18.1,1,CATASTROPHIC
8.46,53.26,1,CATASTROPHIC
8.93,40.46,1,CATASTROPHIC
7.97,38.94,1,CATASTROPHIC
7.66,75.27,1,CATASTROPHIC
7.51,90.16,1,CATASTROPHIC
8.2,90.83,1,CATASTROPHIC
7.26,94.1,1,CATASTROPHIC
7.74,15.65,1,CATASTROPHIC
8.36,54.28,1,CATASTROPHIC
8.73,16.86,1,CATASTROPHIC
7.55,74.91,0,CATASTROPHIC
8.25,76.72,1,CATASTROPHIC
7.75,82.48,0,CATASTROPHIC
8.86,14.49,1,CATASTROPHIC
8.75,16.69,0,CATASTROPHIC
8.59,72.56,1,CATASTROPHIC
8.53,55.19,0,CATASTROPHIC
7.76,19.8,1,CATASTROPHIC
8.28,41.28,1,CATASTROPHIC
9.08,17.03,1,CATASTROPHIC
8.11,61.92,0,CATASTROPHIC
8.92,93.35,1,CATASTROPHIC
8.53,92.4,1,CATASTROPHIC
7.34,58.48,1,CATASTROPHIC
7.93,74.17,1,CATASTROPHIC
9.04,46.18,0,CATASTROPHIC
9.17,84.21,0,CATASTROPHIC
9.03,87.25,1,CATASTROPHIC
8.3,41.1,0,CATASTROPHIC
7.74,80.68,0,CATASTROPHIC
7.73,41.02,1,CATASTROPHIC
9.02,35.94,1,CATASTROPHIC
8.62,46.32,0,CATASTROPHIC
8.0,15.8,0,CATASTROPHIC
8.1,43.05,1,CATASTROPHIC
7.8,58.9,1,CATASTROPHIC
7.03,67.03,0,CATASTROPHIC
9.11,16.57,1,CATASTROPHIC
7.19,99.69,1,CATASTROPHIC
8.31,8.57,1,CATASTROPHIC
7.46,90.01,0,CATASTROPHIC
7.42,5.58,1,CATASTROPHIC
8.24,8.44,1,CATASTROPHIC
8.0,53.39,1,CATASTROPHIC
7.88,56.84,0,CATASTROPHIC
7.4,86.45,1,CATASTROPHIC
7.82,28.53,1,CATASTROPHIC
7.9,4.49,0,CATASTROPHIC
8.58,66.57,0,CATASTROPHIC
7.49,24.65,1,CATASTROPHIC
7.04,12.2,1,CATASTROPHIC
7.39,65.97,0,CATASTROPHIC
7.22,25.83,1,CATASTROPHIC
8.88,83.36,1,CATASTROPHIC
8.47,22.09,0,CATASTROPHIC
8.97,3.27,0,CATASTROPHIC
6.31,12.83,0,SEVERE
6.87,129.32,1,SEVERE
7.23,105.84,0,SEVERE
6.57,179.14,0,SEVERE
6.94,125.78,0,SEVERE
6.65,91.87,1,SEVERE
7.15,46.33,1,SEVERE
6.73,268.89,1,SEVERE
6.64,11.63,0,SEVERE
6.81,191.88,0,SEVERE
6.21,251.3,1,SEVERE
6.79,55.65,0,SEVERE
6.03,274.72,0,SEVERE
6.86,85.85,0,SEVERE
6.98,249.77,0,SEVERE
6.02,45.38,1,SEVERE
7.31,181.24,0,SEVERE
7.0,56.73,1,SEVERE
6.63,118.03,0,SEVERE
6.07,54.05,0,SEVERE
6.12,182.93,0,SEVERE
6.58,90.16,0,SEVERE
7.08,92.65,0,SEVERE
6.71,200.78,1,SEVERE
7.1,68.41,0,SEVERE
6.39,180.55,0,SEVERE
6.74,181.07,0,SEVERE
7.16,36.45,0,SEVERE
7.09,151.17,0,SEVERE
6.65,77.69,1,SEVERE
7.2,209.94,0,SEVERE
6.89,111.49,0,SEVERE
7.38,45.36,1,SEVERE
6.67,59.61,0,SEVERE
7.31,221.01,1,SEVERE
6.99,209.22,1,SEVERE
6.37,149.38,0,SEVERE
7.48,283.5,0,SEVERE
7.06,277.95,0,SEVERE
6.85,275.07,0,SEVERE
7.05,92.72,1,SEVERE
7.46,283.56,0,SEVERE
7.29,254.14,0,SEVERE
7.24,15.92,0,SEVERE
6.35,40.57,0,SEVERE
7.04,105.26,0,SEVERE
6.1,98.01,0,SEVERE
7.19,99.03,0,SEVERE
7.33,186.68,0,SEVERE
6.04,261.68,0,SEVERE
7.31,161.04,1,SEVERE
7.2,299.39,0,SEVERE
7.15,123.57,0,SEVERE
6.94,262.73,1,SEVERE
7.15,128.24,0,SEVERE
7.11,75.44,0,SEVERE
6.53,89.74,0,SEVERE
6.35,17.42,0,SEVERE
7.48,131.19,0,SEVERE
7.02,69.38,1,SEVERE
7.18,31.38,0,SEVERE
7.32,283.7,0,SEVERE
6.92,54.28,1,SEVERE
6.35,283.11,0,SEVERE
6.91,156.24,0,SEVERE
6.26,70.04,0,SEVERE
7.17,108.29,0,SEVERE
7.45,265.72,1,SEVERE
7.49,56.3,0,SEVERE
7.14,210.33,0,SEVERE
7.22,71.21,0,SEVERE
6.81,179.92,0,SEVERE
6.14,263.85,0,SEVERE
6.19,267.18,1,SEVERE
7.29,243.81,0,SEVERE
6.83,30.66,0,SEVERE
6.56,81.63,0,SEVERE
6.74,28.91,0,SEVERE
7.02,27.46,1,SEVERE
6.74,146.77,0,SEVERE
7.24,107.6,0,SEVERE
6.85,83.77,1,SEVERE
7.2,199.24,1,SEVERE
7.3,213.97,1,SEVERE
7.05,205.64,0,SEVERE
7.13,51.79,1,SEVERE
7.31,13.63,1,SEVERE
6.19,103.86,0,SEVERE
6.24,246.3,1,SEVERE
6.76,6.88,0,SEVERE
6.93,294.45,0,SEVERE
6.39,192.03,0,SEVERE
7.17,36.56,1,SEVERE
6.81,289.08,0,SEVERE
6.95,279.95,0,SEVERE
7.41,207.93,0,SEVERE
6.45,213.91,0,SEVERE
6.87,107.04,0,SEVERE
6.07,262.1,1,SEVERE
7.45,226.15,0,SEVERE
7.14,12.25,0,SEVERE
6.49,149.15,1,SEVERE
7.02,136.54,0,SEVERE
7.5,130.72,0,SEVERE
6.25,239.47,0,SEVERE
6.33,29.3,0,SEVERE
6.98,85.61,1,SEVERE
6.23,132.54,1,SEVERE
6.63,193.37,0,SEVERE
6.41,295.27,0,SEVERE
7.34,72.84,0,SEVERE
6.05,197.24,0,SEVERE
7.3,144.6,1,SEVERE
6.28,261.24,1,SEVERE
7.16,254.21,1,SEVERE
6.94,43.72,0,SEVERE
7.38,186.91,1,SEVERE
6.72,39.61,0,SEVERE
7.03,131.94,0,SEVERE
6.74,23.94,0,SEVERE
6.4,240.28,0,SEVERE
6.68,8.43,0,SEVERE
6.59,146.58,0,SEVERE
6.44,210.02,1,SEVERE
7.17,16.69,0,SEVERE
6.16,76.4,1,SEVERE
6.21,152.17,0,SEVERE
7.05,170.1,0,SEVERE
6.49,157.72,0,SEVERE
6.53,14.79,0,SEVERE
6.6,44.15,0,SEVERE
7.03,241.17,0,SEVERE
6.25,35.85,0,SEVERE
7.06,14.32,1,SEVERE
6.08,164.68,0,SEVERE
7.31,215.66,1,SEVERE
6.51,245.37,0,SEVERE
7.34,166.54,1,SEVERE
6.68,194.86,0,SEVERE
7.1,29.08,0,SEVERE
6.37,52.07,1,SEVERE
6.33,292.88,0,SEVERE
6.27,237.96,0,SEVERE
6.75,168.83,0,SEVERE
6.34,298.92,1,SEVERE
6.98,63.87,0,SEVERE
6.11,14.04,0,SEVERE
6.69,261.14,0,SEVERE
7.11,130.52,0,SEVERE
6.56,296.36,0,SEVERE
7.3,175.71,0,SEVERE
7.09,148.57,1,SEVERE
7.35,129.41,0,SEVERE
6.89,274.15,0,SEVERE
6.93,191.31,0,SEVERE
6.2,216.17,1,SEVERE
6.27,75.08,1,SEVERE
6.27,257.04,0,SEVERE
6.37,261.87,0,SEVERE
6.77,110.97,0,SEVERE
6.25,120.37,1,SEVERE
6.39,198.74,0,SEVERE
7.16,43.61,1,SEVERE
6.68,74.63,0,SEVERE
6.25,158.33,0,SEVERE
7.24,132.11,0,SEVERE
6.93,213.5,0,SEVERE
6.25,15.82,0,SEVERE
7.0,145.02,1,SEVERE
7.21,177.68,1,SEVERE
6.31,38.02,0,SEVERE
6.09,161.7,1,SEVERE
6.06,41.02,0,SEVERE
7.4,98.27,0,SEVERE
6.06,48.76,1,SEVERE
7.45,6.46,1,SEVERE
6.96,261.04,0,SEVERE
6.77,149.21,0,SEVERE
6.21,13.84,0,SEVERE
7.06,64.55,0,SEVERE
7.45,32.7,0,SEVERE
6.67,261.1,0,SEVERE
7.04,252.24,1,SEVERE
7.02,151.67,0,SEVERE
7.3,173.33,0,SEVERE
7.4,208.41,0,SEVERE
6.32,199.37,0,SEVERE
6.98,36.44,0,SEVERE
7.5,19.22,1,SEVERE
6.61,261.87,1,SEVERE
6.85,222.84,1,SEVERE
6.61,101.47,0,SEVERE
7.21,229.87,1,SEVERE
6.65,246.26,0,SEVERE
6.82,6.7,0,SEVERE
6.55,121.87,0,SEVERE
6.58,137.36,0,SEVERE
6.56,72.04,0,SEVERE
6.91,202.12,0,SEVERE
6.7,117.04,1,SEVERE
6.78,146.36,0,SEVERE
6.51,117.16,0,SEVERE
6.87,162.41,0,SEVERE
7.15,244.83,0,SEVERE
7.43,10.38,0,SEVERE
6.01,196.01,1,SEVERE
6.37,278.48,0,SEVERE
7.4,108.73,0,SEVERE
6.73,80.75,0,SEVERE
6.46,241.89,0,SEVERE
6.47,185.05,0,SEVERE
6.41,127.0,0,SEVERE
6.27,205.93,0,SEVERE
6.79,214.17,0,SEVERE
6.85,80.69,1,SEVERE
6.73,242.77,0,SEVERE
6.07,191.78,1,SEVERE
6.9,246.66,1,SEVERE
6.34,67.55,0,SEVERE
6.62,252.76,1,SEVERE
6.53,74.88,1,SEVERE
6.41,247.67,0,SEVERE
7.0,33.18,0,SEVERE
6.68,178.05,0,SEVERE
7.11,259.53,0,SEVERE
6.14,11.97,0,SEVERE
6.91,166.28,0,SEVERE
6.59,180.37,0,SEVERE
7.48,45.25,0,SEVERE
6.61,131.32,0,SEVERE
7.04,297.42,0,SEVERE
6.16,218.68,0,SEVERE
6.41,28.43,0,SEVERE
7.34,61.6,0,SEVERE
6.34,109.72,0,SEVERE
6.78,24.95,1,SEVERE
6.35,164.3,1,SEVERE
6.98,162.22,0,SEVERE
6.5,202.5,1,SEVERE
6.99,169.55,0,SEVERE
6.7,22.74,0,SEVERE
7.44,56.71,0,SEVERE
6.3,163.07,0,SEVERE
6.68,228.07,0,SEVERE
7.0,239.66,1,SEVERE
6.35,122.8,0,SEVERE
7.49,278.47,0,SEVERE
7.26,158.68,0,SEVERE
6.13,227.8,0,SEVERE
7.24,235.7,0,SEVERE
6.05,94.42,0,SEVERE
6.54,30.85,1,SEVERE
6.83,95.13,0,SEVERE
6.67,182.18,0,SEVERE
7.38,151.6,1,SEVERE
7.28,66.51,1,SEVERE
6.17,246.15,0,SEVERE
7.32,261.08,1,SEVERE
7.19,94.88,0,SEVERE
6.6,56.19,0,SEVERE
6.52,292.81,0,SEVERE
7.23,44.09,1,SEVERE
7.38,148.68,0,SEVERE
7.15,56.58,0,SEVERE
6.6,48.18,0,SEVERE
6.1,12.61,0,SEVERE
7.44,167.11,1,SEVERE
6.65,96.99,0,SEVERE
6.66,36.17,0,SEVERE
6.32,187.78,0,SEVERE
6.23,23.1,1,SEVERE
6.69,22.16,1,SEVERE
6.09,210.04,1,SEVERE
6.36,46.96,0,SEVERE
6.45,34.81,0,SEVERE
6.09,155.28,1,SEVERE
7.22,186.49,0,SEVERE
6.94,160.48,0,SEVERE
6.2,266.55,0,SEVERE
6.29,113.49,0,SEVERE
7.24,221.42,1,SEVERE
6.02,127.77,0,SEVERE
6.03,81.64,1,SEVERE
6.21,162.92,0,SEVERE
6.02,76.15,1,SEVERE
7.2,288.08,0,SEVERE
6.16,166.65,0,SEVERE
7.27,33.93,0,SEVERE
6.23,100.78,0,SEVERE
6.71,115.89,0,SEVERE
6.69,236.58,1,SEVERE
7.43,237.14,0,SEVERE
7.03,134.09,0,SEVERE
7.26,16.34,1,SEVERE
6.69,192.97,0,SEVERE
7.34,192.82,0,SEVERE
6.1,157.93,0,SEVERE
7.11,156.11,0,SEVERE
6.06,30.01,0,SEVERE
6.11,26.02,0,SEVERE
7.43,222.56,0,SEVERE
6.44,108.16,1,SEVERE
6.99,59.63,0,SEVERE
6.15,199.79,1,SEVERE
6.4,11.18,0,SEVERE
7.45,92.16,1,SEVERE
6.94,117.67,0,SEVERE
6.18,186.43,1,SEVERE
6.97,161.44,0,SEVERE
7.45,240.62,0,SEVERE
7.47,182.56,0,SEVERE
7.12,244.47,0,SEVERE
6.19,104.79,1,SEVERE
6.34,114.79,0,SEVERE
6.66,185.82,1,SEVERE
6.36,40.84,0,SEVERE
7.33,195.51,0,SEVERE
7.22,259.1,1,SEVERE
7.38,79.41,1,SEVERE
6.69,253.39,0,SEVERE
7.16,198.57,0,SEVERE
6.82,295.48,1,SEVERE
6.06,53.62,0,SEVERE
7.09,246.25,0,SEVERE
6.76,253.01,0,SEVERE
6.81,179.15,0,SEVERE
6.45,171.68,0,SEVERE
7.31,192.71,1,SEVERE
6.24,141.16,0,SEVERE
6.37,219.31,1,SEVERE
6.15,123.44,1,SEVERE
6.31,168.75,0,SEVERE
6.92,60.47,0,SEVERE
7.18,168.5,0,SEVERE
7.14,15.42,0,SEVERE
6.3,287.63,0,SEVERE
6.49,48.92,0,SEVERE
7.31,298.92,0,SEVERE
6.67,218.01,1,SEVERE
6.89,120.5,0,SEVERE
7.04,5.95,0,SEVERE
6.53,239.29,0,SEVERE
6.88,146.89,0,SEVERE
6.1,176.1,0,SEVERE
6.84,183.03,0,SEVERE
7.21,84.6,1,SEVERE
6.75,27.73,0,SEVERE
6.5,236.54,0,SEVERE
7.18,157.59,0,SEVERE
6.22,101.82,0,SEVERE
6.13,70.08,0,SEVERE
7.1,299.51,1,SEVERE
6.96,129.27,0,SEVERE
7.18,39.91,0,SEVERE
7.26,118.23,0,SEVERE
6.88,59.42,0,SEVERE
6.5,12.73,0,SEVERE
7.25,85.56,0,SEVERE
6.45,282.5,0,SEVERE
6.64,262.46,1,SEVERE
6.28,241.78,0,SEVERE
6.72,44.38,0,SEVERE
7.09,151.46,0,SEVERE
7.09,230.83,0,SEVERE
6.92,44.93,1,SEVERE
6.99,287.2,0,SEVERE
6.09,88.25,0,SEVERE
6.37,272.35,0,SEVERE
6.41,229.02,0,SEVERE
7.17,24.28,0,SEVERE
6.05,23.48,1,SEVERE
6.21,162.06,0,SEVERE
6.52,270.45,0,SEVERE
7.0,289.2,0,SEVERE
7.41,20.42,0,SEVERE
6.39,220.59,1,SEVERE
6.38,197.98,0,SEVERE
6.85,141.86,1,SEVERE
6.91,108.1,0,SEVERE
6.23,71.47,0,SEVERE
7.28,170.56,0,SEVERE
6.17,258.74,0,SEVERE
6.1,213.81,0,SEVERE
6.12,140.2,0,SEVERE
6.25,283.98,1,SEVERE
7.0,141.38,0,SEVERE
6.98,165.9,0,SEVERE
6.77,242.89,0,SEVERE
6.08,236.95,0,SEVERE
6.39,53.59,0,SEVERE
7.14,158.22,0,SEVERE
7.32,264.48,1,SEVERE
6.36,138.12,1,SEVERE
7.16,13.01,0,SEVERE
6.7,273.22,0,SEVERE
6.75,36.11,0,SEVERE
7.23,117.22,1,SEVERE
7.45,65.11,0,SEVERE
6.43,238.89,0,SEVERE
6.95,240.38,0,SEVERE
6.06,215.55,0,MODERATE
4.77,279.88,0,MODERATE
5.85,130.12,0,MODERATE
5.96,362.93,0,MODERATE
4.97,393.49,0,MODERATE
4.74,84.8,0,MODERATE
4.81,358.13,0,MODERATE
5.61,65.08,0,MODERATE
5.25,248.04,0,MODERATE
4.64,353.55,0,MODERATE
5.87,204.56,0,MODERATE
6.14,170.02,0,MODERATE
6.17,268.83,0,MODERATE
5.58,70.55,0,MODERATE
6.0,173.86,0,MODERATE
4.78,9.98,0,MODERATE
5.45,213.32,0,MODERATE
5.72,356.65,0,MODERATE
4.63,293.94,0,MODERATE
4.82,343.98,0,MODERATE
5.89,218.61,0,MODERATE
5.71,129.17,0,MODERATE
5.3,329.55,0,MODERATE
5.28,146.33,0,MODERATE
5.34,332.16,0,MODERATE
5.07,73.64,0,MODERATE
5.71,331.26,0,MODERATE
4.67,99.75,0,MODERATE
4.74,142.44,0,MODERATE
5.27,300.79,0,MODERATE
5.61,250.27,0,MODERATE
5.1,337.37,0,MODERATE
5.3,391.75,0,MODERATE
5.58,54.87,0,MODERATE
5.65,133.42,0,MODERATE
5.67,32.51,0,MODERATE
4.8,343.02,0,MODERATE
4.89,335.63,0,MODERATE
4.97,258.94,0,MODERATE
5.68,207.5,0,MODERATE
5.02,88.99,0,MODERATE
4.56,125.06,0,MODERATE
5.61,375.63,0,MODERATE
5.98,307.6,0,MODERATE
5.84,267.67,0,MODERATE
4.94,363.34,0,MODERATE
5.64,226.37,0,MODERATE
4.69,181.59,0,MODERATE
5.28,346.5,0,MODERATE
5.43,155.26,0,MODERATE
6.16,48.73,0,MODERATE
5.22,21.6,0,MODERATE
5.76,367.64,0,MODERATE
4.98,344.04,0,MODERATE
5.0,364.75,0,MODERATE
5.78,322.94,0,MODERATE
4.53,385.31,0,MODERATE
5.74,125.38,0,MODERATE
5.91,116.2,0,MODERATE
5.98,49.47,0,MODERATE
5.7,218.58,0,MODERATE
4.66,100.55,0,MODERATE
4.52,190.16,0,MODERATE
5.01,241.35,0,MODERATE
5.01,123.47,0,MODERATE
5.76,24.02,0,MODERATE
6.03,341.64,0,MODERATE
5.64,239.32,0,MODERATE
6.02,78.21,0,MODERATE
4.63,99.61,0,MODERATE
5.85,18.69,0,MODERATE
5.49,398.2,0,MODERATE
5.95,210.97,0,MODERATE
4.61,333.39,0,MODERATE
5.52,50.4,0,MODERATE
4.66,364.3,0,MODERATE
5.64,332.57,0,MODERATE
5.99,230.85,0,MODERATE
5.38,175.02,0,MODERATE
5.04,176.67,0,MODERATE
5.82,242.76,0,MODERATE
6.02,180.14,0,MODERATE
5.53,254.37,0,MODERATE
5.51,282.54,0,MODERATE
4.9,207.38,0,MODERATE
4.68,156.88,0,MODERATE
5.33,262.63,0,MODERATE
6.12,242.26,0,MODERATE
5.76,204.98,0,MODERATE
5.58,33.02,0,MODERATE
4.93,147.93,0,MODERATE
5.3,23.03,0,MODERATE
4.74,114.34,0,MODERATE
6.15,135.88,0,MODERATE
5.32,82.46,0,MODERATE
5.54,115.87,0,MODERATE
4.85,209.05,0,MODERATE
4.51,8.03,0,MODERATE
4.87,19.5,0,MODERATE
4.68,138.85,0,MODERATE
5.86,230.96,0,MODERATE
5.37,120.93,0,MODERATE
6.08,161.82,0,MODERATE
4.65,248.74,0,MODERATE
4.69,141.36,0,MODERATE
5.36,350.32,0,MODERATE
5.34,282.39,0,MODERATE
6.19,56.94,0,MODERATE
4.97,160.86,0,MODERATE
5.22,167.35,0,MODERATE
6.04,287.04,0,MODERATE
5.53,127.2,0,MODERATE
5.9,382.25,0,MODERATE
5.9,5.62,0,MODERATE
5.58,25.2,0,MODERATE
4.94,28.51,0,MODERATE
5.53,276.2,0,MODERATE
4.69,156.62,0,MODERATE
5.28,150.78,0,MODERATE
4.71,170.48,0,MODERATE
5.78,33.05,0,MODERATE
4.64,145.13,0,MODERATE
6.1,269.09,0,MODERATE
5.65,147.96,0,MODERATE
5.51,9.0,0,MODERATE
5.58,365.75,0,MODERATE
5.54,350.11,0,MODERATE
5.73,52.62,0,MODERATE
6.03,31.25,0,MODERATE
5.41,61.14,0,MODERATE
4.52,171.7,0,MODERATE
5.0,196.97,0,MODERATE
5.48,22.28,0,MODERATE
4.71,225.66,0,MODERATE
5.08,293.02,0,MODERATE
5.61,339.01,0,MODERATE
5.68,174.82,0,MODERATE
5.64,113.78,0,MODERATE
5.02,316.65,0,MODERATE
5.26,320.36,0,MODERATE
5.9,343.74,0,MODERATE
6.06,175.24,0,MODERATE
5.04,234.97,0,MODERATE
5.13,242.42,0,MODERATE
5.7,276.92,0,MODERATE
5.14,70.91,0,MODERATE
5.23,61.32,0,MODERATE
6.01,141.62,0,MODERATE
4.76,15.05,0,MODERATE
5.6,256.58,0,MODERATE
5.08,33.33,0,MODERATE
5.2,127.93,0,MODERATE
5.65,244.28,0,MODERATE
5.12,91.07,0,MODERATE
6.18,184.33,0,MODERATE
5.67,60.52,0,MODERATE
5.33,15.88,0,MODERATE
5.36,385.79,0,MODERATE
5.15,20.4,0,MODERATE
4.55,158.25,0,MODERATE
4.77,14.22,0,MODERATE
5.79,186.12,0,MODERATE
4.99,360.53,0,MODERATE
4.7,382.59,0,MODERATE
5.03,355.92,0,MODERATE
5.53,331.55,0,MODERATE
6.17,118.92,0,MODERATE
6.13,158.85,0,MODERATE
5.16,139.45,0,MODERATE
5.42,65.89,0,MODERATE
5.44,218.97,0,MODERATE
5.8,334.29,0,MODERATE
5.25,124.42,0,MODERATE
4.94,81.88,0,MODERATE
4.6,140.27,0,MODERATE
4.96,386.73,0,MODERATE
5.45,142.17,0,MODERATE
5.49,59.98,0,MODERATE
5.25,252.36,0,MODERATE
5.33,163.7,0,MODERATE
6.19,352.72,0,MODERATE
5.56,229.9,0,MODERATE
5.56,84.52,0,MODERATE
5.17,20.59,0,MODERATE
5.31,219.49,0,MODERATE
4.89,385.79,0,MODERATE
6.05,290.25,0,MODERATE
5.41,348.64,0,MODERATE
4.72,317.25,0,MODERATE
4.71,318.71,0,MODERATE
4.97,351.45,0,MODERATE
6.1,63.77,0,MODERATE
5.29,392.49,0,MODERATE
5.32,346.1,0,MODERATE
5.5,153.26,0,MODERATE
4.99,85.27,0,MODERATE
5.8,157.68,0,MODERATE
5.37,199.47,0,MODERATE
5.48,346.9,0,MODERATE
6.17,166.0,0,MODERATE
5.91,306.99,0,MODERATE
5.47,382.64,0,MODERATE
4.84,48.16,0,MODERATE
5.95,178.46,0,MODERATE
5.94,357.77,0,MODERATE
4.61,353.97,0,MODERATE
5.26,206.62,0,MODERATE
5.57,370.92,0,MODERATE
4.53,193.35,0,MODERATE
5.67,290.47,0,MODERATE
5.68,58.1,0,MODERATE
5.01,146.69,0,MODERATE
5.87,115.11,0,MODERATE
4.86,383.19,0,MODERATE
4.52,399.14,0,MODERATE
5.65,332.25,0,MODERATE
5.0,10.65,0,MODERATE
5.75,334.49,0,MODERATE
5.76,61.43,0,MODERATE
5.78,308.72,0,MODERATE
5.62,307.62,0,MODERATE
5.94,247.37,0,MODERATE
4.65,197.61,0,MODERATE
4.63,165.98,0,MODERATE
5.19,31.07,0,MODERATE
5.09,48.84,0,MODERATE
5.87,379.34,0,MODERATE
4.62,382.27,0,MODERATE
5.39,123.33,0,MODERATE
4.63,202.75,0,MODERATE
5.85,284.3,0,MODERATE
4.59,33.8,0,MODERATE
5.18,121.64,0,MODERATE
4.9,116.0,0,MODERATE
5.87,372.05,0,MODERATE
5.19,362.91,0,MODERATE
5.05,193.19,0,MODERATE
4.88,257.99,0,MODERATE
6.16,243.38,0,MODERATE
5.11,260.89,0,MODERATE
4.71,356.02,0,MODERATE
5.36,182.49,0,MODERATE
5.5,251.79,0,MODERATE
4.62,274.63,0,MODERATE
4.91,287.01,0,MODERATE
5.9,322.56,0,MODERATE
5.44,210.47,0,MODERATE
4.74,311.26,0,MODERATE
4.96,201.19,0,MODERATE
4.98,57.86,0,MODERATE
5.57,26.46,0,MODERATE
5.77,130.45,0,MODERATE
4.5,206.9,0,MODERATE
4.58,114.09,0,MODERATE
5.7,29.76,0,MODERATE
5.93,6.51,0,MODERATE
4.92,297.66,0,MODERATE
5.04,45.25,0,MODERATE
5.11,111.81,0,MODERATE
5.93,128.77,0,MODERATE
5.84,357.29,0,MODERATE
5.24,364.43,0,MODERATE
5.14,385.81,0,MODERATE
4.65,276.37,0,MODERATE
5.34,158.12,0,MODERATE
5.58,283.02,0,MODERATE
4.51,70.95,0,MODERATE
5.71,268.22,0,MODERATE
6.14,305.61,0,MODERATE
6.12,282.5,0,MODERATE
5.01,46.62,0,MODERATE
5.83,259.44,0,MODERATE
4.58,147.22,0,MODERATE
6.13,202.66,0,MODERATE
5.24,185.79,0,MODERATE
4.86,150.64,0,MODERATE
5.13,25.68,0,MODERATE
5.8,169.52,0,MODERATE
5.9,340.89,0,MODERATE
4.86,264.65,0,MODERATE
5.3,352.66,0,MODERATE
4.87,272.74,0,MODERATE
5.53,121.64,0,MODERATE
4.73,262.4,0,MODERATE
5.76,129.67,0,MODERATE
5.6,161.08,0,MODERATE
5.71,83.69,0,MODERATE
6.01,118.53,0,MODERATE
5.13,27.95,0,MODERATE
4.69,208.77,0,MODERATE
4.95,335.01,0,MODERATE
4.52,154.74,0,MODERATE
5.07,12.63,0,MODERATE
4.71,168.39,0,MODERATE
5.34,164.69,0,MODERATE
5.4,240.08,0,MODERATE
4.52,188.32,0,MODERATE
6.14,210.02,0,MODERATE
5.65,128.19,0,MODERATE
5.82,310.3,0,MODERATE
5.39,390.53,0,MODERATE
4.71,11.69,0,MODERATE
5.81,323.83,0,MODERATE
4.7,109.91,0,MODERATE
4.53,120.86,0,MODERATE
5.81,209.59,0,MODERATE
5.09,151.84,0,MODERATE
4.5,123.42,0,MODERATE
5.6,389.81,0,MODERATE
5.94,14.32,0,MODERATE
6.03,314.36,0,MODERATE
5.83,185.91,0,MODERATE
5.18,124.65,0,MODERATE
4.61,95.15,0,MODERATE
4.92,196.21,0,MODERATE
5.77,192.15,0,MODERATE
4.6,383.33,0,MODERATE
6.1,315.15,0,MODERATE
6.19,220.07,0,MODERATE
6.14,34.86,0,MODERATE
5.12,94.03,0,MODERATE
4.83,60.62,0,MODERATE
5.56,313.62,0,MODERATE
5.48,63.05,0,MODERATE
5.88,256.2,0,MODERATE
5.16,271.28,0,MODERATE
4.94,141.35,0,MODERATE
6.06,119.75,0,MODERATE
5.3,356.61,0,MODERATE
5.7,29.57,0,MODERATE
4.75,8.1,0,MODERATE
5.57,181.83,0,MODERATE
4.73,383.38,0,MODERATE
5.4,100.55,0,MODERATE
5.35,273.45,0,MODERATE
4.63,113.51,0,MODERATE
5.87,186.57,0,MODERATE
5.43,175.96,0,MODERATE
4.57,70.47,0,MODERATE
5.26,87.63,0,MODERATE
4.58,338.24,0,MODERATE
6.17,318.29,0,MODERATE
5.95,100.58,0,MODERATE
6.13,82.79,0,MODERATE
6.12,397.95,0,MODERATE
5.71,392.55,0,MODERATE
5.47,107.52,0,MODERATE
5.24,239.46,0,MODERATE
4.62,250.83,0,MODERATE
6.17,80.09,0,MODERATE
5.85,363.62,0,MODERATE
6.1,384.25,0,MODERATE
5.39,391.04,0,MODERATE
5.79,68.86,0,MODERATE
5.31,288.74,0,MODERATE
4.92,258.04,0,MODERATE
5.63,69.27,0,MODERATE
5.46,309.79,0,MODERATE
5.35,9.78,0,MODERATE
4.52,146.03,0,MODERATE
6.07,95.33,0,MODERATE
5.58,92.72,0,MODERATE
5.05,339.98,0,MODERATE
5.74,42.68,0,MODERATE
5.23,16.52,0,MODERATE
5.32,266.66,0,MODERATE
4.7,119.11,0,MODERATE
5.18,368.21,0,MODERATE
6.19,22.74,0,MODERATE
5.79,151.83,0,MODERATE
5.17,302.93,0,MODERATE
6.06,380.62,0,MODERATE
5.48,146.06,0,MODERATE
5.84,104.15,0,MODERATE
5.46,146.64,0,MODERATE
5.62,99.96,0,MODERATE
4.83,367.7,0,MODERATE
4.67,204.85,0,MODERATE
4.88,20.38,0,MODERATE
4.56,74.21,0,MODERATE
5.97,116.58,0,MODERATE
6.12,234.74,0,MODERATE
5.24,234.14,0,MODERATE
5.38,304.72,0,MODERATE
4.98,144.45,0,MODERATE
6.02,378.85,0,MODERATE
6.02,170.68,0,MODERATE
5.83,193.15,0,MODERATE
5.35,85.85,0,MODERATE
5.5,78.52,0,MODERATE
5.06,342.74,0,MODERATE
4.85,33.11,0,MODERATE
4.62,376.61,0,MODERATE
5.36,166.72,0,MODERATE
5.88,335.15,0,MODERATE
5.06,278.98,0,MODERATE
5.81,263.59,0,MODERATE
4.76,350.97,0,MODERATE
5.42,116.58,0,MODERATE
5.22,19.84,0,MODERATE
4.72,307.39,0,MODERATE
4.5,169.54,0,MODERATE
5.39,26.58,0,MODERATE
6.15,94.32,0,MODERATE
5.02,125.06,0,MODERATE
4.89,5.58,0,MODERATE
5.74,386.9,0,MODERATE
4.88,266.9,0,MODERATE
5.76,340.13,0,MODERATE
5.22,124.66,0,MODERATE
5.05,286.49,0,MODERATE
5.89,76.74,0,MODERATE
5.13,361.27,0,MODERATE
5.87,394.02,0,MODERATE
5.78,160.31,0,MODERATE
5.5,266.1,0,MODERATE
4.63,220.08,0,MODERATE
5.71,71.09,0,MODERATE
5.83,235.59,0,MODERATE
6.12,21.76,0,MODERATE
4.95,242.61,0,MODERATE
5.0,287.2,0,MODERATE
5.79,45.49,0,MODERATE
5.37,206.01,0,MODERATE
5.13,373.51,0,MODERATE
5.91,280.4,0,MODERATE
5.71,187.38,0,MODERATE
6.07,279.37,0,MODERATE
5.74,345.37,0,MODERATE
4.97,323.79,0,MODERATE
4.83,141.41,0,MODERATE
5.07,391.52,0,MODERATE
5.96,281.96,0,MODERATE
5.74,227.02,0,MODERATE
6.11,201.02,0,MODERATE
5.15,69.4,0,MODERATE
5.84,295.11,0,MODERATE
5.15,14.95,0,MODERATE
5.93,9.51,0,MODERATE
5.7,388.25,0,MODERATE
5.24,97.81,0,MODERATE
5.7,327.77,0,MODERATE
5.43,386.98,0,MODERATE
4.59,204.39,0,MODERATE
5.72,345.74,0,MODERATE
4.8,321.0,0,MODERATE
5.44,161.64,0,MODERATE
4.72,346.79,0,MODERATE
4.77,127.37,0,MODERATE
4.99,349.21,0,MODERATE
5.64,319.69,0,MODERATE
4.93,251.83,0,MODERATE
5.47,333.97,0,MODERATE
6.04,9.8,0,MODERATE
5.65,25.48,0,MODERATE
5.43,118.61,0,MODERATE
5.02,144.42,0,MODERATE
5.56,136.95,0,MODERATE
5.75,164.79,0,MODERATE
4.62,314.59,0,MODERATE
4.99,175.94,0,MODERATE
5.67,136.32,0,MODERATE
4.6,152.7,0,MODERATE
6.11,258.49,0,MODERATE
5.64,254.75,0,MODERATE
4.84,170.24,0,MODERATE
5.78,45.04,0,MODERATE
4.97,114.15,0,MODERATE
5.23,392.25,0,MODERATE
4.61,209.89,0,MODERATE
4.8,388.42,0,MODERATE
4.69,164.42,0,MODERATE
5.75,283.3,0,MODERATE
5.22,141.88,0,MODERATE
5.18,109.39,0,MODERATE
4.85,195.8,0,MODERATE
4.96,118.55,0,MODERATE
5.62,387.57,0,MODERATE
5.53,35.41,0,MODERATE
4.63,380.81,0,MODERATE
5.01,41.37,0,MODERATE
5.52,251.34,0,MODERATE
5.6,110.62,0,MODERATE
4.53,386.18,0,MODERATE
4.93,272.03,0,MODERATE
5.7,245.95,0,MODERATE
5.03,112.08,0,MODERATE
5.52,347.11,0,MODERATE
6.11,46.83,0,MODERATE
4.76,378.17,0,MODERATE
5.75,353.78,0,MODERATE
4.84,237.1,0,MODERATE
5.69,273.64,0,MODERATE
5.19,11.08,0,MODERATE
5.49,104.98,0,MODERATE
5.27,383.24,0,MODERATE
5.18,336.72,0,MODERATE
4.82,270.62,0,MODERATE
6.16,45.25,0,MODERATE
4.51,176.27,0,MODERATE
4.66,300.61,0,MODERATE
6.05,176.44,0,MODERATE
4.94,176.59,0,MODERATE
5.73,8.58,0,MODERATE
5.5,247.25,0,MODERATE
5.58,100.6,0,MODERATE
5.71,41.1,0,MODERATE
4.84,351.6,0,MODERATE
5.76,10.43,0,MODERATE
4.92,89.69,0,MODERATE
4.96,102.79,0,MODERATE
4.61,186.28,0,MODERATE
5.75,244.66,0,MODERATE
5.64,37.05,0,MODERATE
6.12,336.2,0,MODERATE
5.87,330.08,0,MODERATE
6.09,219.98,0,MODERATE
4.84,248.63,0,MODERATE
5.76,296.48,0,MODERATE
5.39,32.04,0,MODERATE
5.13,368.7,0,MODERATE
5.49,217.64,0,MODERATE
4.96,150.54,0,MODERATE
6.02,268.25,0,MODERATE
5.84,184.47,0,MODERATE
5.57,103.11,0,MODERATE
5.7,173.9,0,MODERATE
5.25,261.48,0,MODERATE
6.09,30.28,0,MODERATE
5.9,120.49,0,MODERATE
5.25,13.66,0,MODERATE
5.01,203.54,0,MODERATE
4.6,198.98,0,MODERATE
6.08,46.63,0,MODERATE
5.8,166.82,0,MODERATE
5.61,107.79,0,MODERATE
4.77,68.38,0,MODERATE
4.62,78.33,0,MODERATE
5.63,353.27,0,MODERATE
5.88,275.63,0,MODERATE
4.69,119.23,0,MODERATE
5.03,103.73,0,MODERATE
5.38,216.54,0,MODERATE
5.11,144.75,0,MODERATE
5.91,316.77,0,MODERATE
5.02,365.95,0,MODERATE
6.12,134.06,0,MODERATE
5.1,204.73,0,MODERATE
6.1,351.15,0,MODERATE
4.67,160.13,0,MODERATE
5.44,203.74,0,MODERATE
4.83,344.23,0,MODERATE
5.65,335.97,0,MODERATE
5.96,300.6,0,MODERATE
5.25,246.17,0,MODERATE
4.77,271.09,0,MODERATE
4.8,279.11,0,MODERATE
4.89,51.43,0,MODERATE
4.78,5.79,0,MODERATE
5.72,294.3,0,MODERATE
5.38,68.74,0,MODERATE
4.64,12.56,0,MODERATE
4.78,356.89,0,MODERATE
4.91,144.94,0,MODERATE
4.68,92.83,0,MODERATE
5.38,245.06,0,MODERATE
4.92,27.8,0,MODERATE
5.16,97.51,0,MODERATE
4.87,384.15,0,MODERATE
5.55,224.97,0,MODERATE
5.21,174.43,0,MODERATE
5.42,280.09,0,MODERATE
5.69,72.82,0,MODERATE
5.35,167.72,0,MODERATE
5.98,254.41,0,MODERATE
5.41,50.58,0,MODERATE
5.53,51.3,0,MODERATE
5.07,61.42,0,MODERATE
5.68,86.47,0,MODERATE
5.17,358.79,0,MODERATE
4.85,205.58,0,MODERATE
5.21,12.16,0,MODERATE
5.85,32.27,0,MODERATE
5.31,226.47,0,MODERATE
5.57,277.01,0,MODERATE
4.93,8.94,0,MODERATE
5.73,216.58,0,MODERATE
5.92,329.45,0,MODERATE
5.93,196.61,0,MODERATE
5.07,317.67,0,MODERATE
5.27,77.46,0,MODERATE
5.95,353.61,0,MODERATE
5.29,34.9,0,MODERATE
5.16,322.4,0,MODERATE
6.03,85.37,0,MODERATE
4.61,351.55,0,MODERATE
5.16,219.0,0,MODERATE
6.15,31.29,0,MODERATE
5.6,34.27,0,MODERATE
5.14,322.51,0,MODERATE
3.5,698.04,0,MINOR
3.79,228.21,0,MINOR
3.01,248.61,0,MINOR
3.36,52.76,0,MINOR
3.35,327.65,0,MINOR
4.16,461.43,0,MINOR
4.13,10.81,0,MINOR
3.0,464.87,0,MINOR
3.61,8.69,0,MINOR
4.35,542.1,0,MINOR
3.76,51.19,0,MINOR
4.26,410.68,0,MINOR
4.3,527.46,0,MINOR
4.35,365.02,0,MINOR
2.82,471.45,0,MINOR
3.93,520.87,0,MINOR
2.89,140.51,0,MINOR
4.55,526.23,0,MINOR
4.59,532.31,0,MINOR
3.87,459.62,0,MINOR
4.54,407.27,0,MINOR
3.95,113.75,0,MINOR
3.59,502.9,0,MINOR
3.12,145.57,0,MINOR
3.22,172.84,0,MINOR
2.99,300.27,0,MINOR
4.59,357.41,0,MINOR
2.93,58.5,0,MINOR
4.1,271.05,0,MINOR
4.39,463.36,0,MINOR
4.33,194.0,0,MINOR
4.09,188.52,0,MINOR
4.66,447.28,0,MINOR
3.25,192.31,0,MINOR
2.94,487.78,0,MINOR
3.0,418.74,0,MINOR
3.11,465.07,0,MINOR
4.37,545.73,0,MINOR
4.25,135.47,0,MINOR
2.7,490.77,0,MINOR
3.35,305.48,0,MINOR
2.57,185.41,0,MINOR
2.58,616.03,0,MINOR
3.06,392.35,0,MINOR
2.59,468.46,0,MINOR
3.24,629.05,0,MINOR
4.54,231.08,0,MINOR
4.57,697.33,0,MINOR
4.4,592.19,0,MINOR
3.07,405.81,0,MINOR
2.65,70.97,0,MINOR
4.8,232.01,0,MINOR
4.22,565.63,0,MINOR
4.47,698.35,0,MINOR
3.06,33.04,0,MINOR
3.45,95.41,0,MINOR
2.55,255.5,0,MINOR
4.3,398.5,0,MINOR
3.22,459.77,0,MINOR
3.03,15.0,0,MINOR
4.26,438.5,0,MINOR
4.25,32.06,0,MINOR
4.43,435.57,0,MINOR
3.8,439.11,0,MINOR
4.49,412.92,0,MINOR
3.84,693.52,0,MINOR
4.24,312.39,0,MINOR
4.13,275.52,0,MINOR
3.03,419.81,0,MINOR
4.63,650.75,0,MINOR
3.29,371.74,0,MINOR
2.99,696.96,0,MINOR
4.76,456.41,0,MINOR
4.35,501.99,0,MINOR
3.86,42.08,0,MINOR
3.55,473.98,0,MINOR
4.06,264.32,0,MINOR
4.67,121.31,0,MINOR
3.65,485.16,0,MINOR
4.1,455.8,0,MINOR
3.13,113.56,0,MINOR
3.96,421.51,0,MINOR
2.91,495.07,0,MINOR
3.55,469.09,0,MINOR
4.43,122.96,0,MINOR
2.54,546.48,0,MINOR
3.9,491.25,0,MINOR
4.43,562.95,0,MINOR
4.71,377.47,0,MINOR
3.62,284.31,0,MINOR
2.85,402.96,0,MINOR
3.14,645.31,0,MINOR
3.84,417.02,0,MINOR
3.32,41.13,0,MINOR
2.57,299.22,0,MINOR
2.69,426.76,0,MINOR
4.53,618.63,0,MINOR
4.02,151.81,0,MINOR
4.48,620.83,0,MINOR
2.95,517.51,0,MINOR
3.16,562.84,0,MINOR
4.79,25.87,0,MINOR
4.56,437.73,0,MINOR
4.74,328.18,0,MINOR
4.45,48.36,0,MINOR
3.27,51.58,0,MINOR
4.74,572.8,0,MINOR
4.46,656.89,0,MINOR
2.7,272.99,0,MINOR
2.66,151.5,0,MINOR
3.03,331.03,0,MINOR
3.12,75.18,0,MINOR
2.89,107.36,0,MINOR
4.74,532.71,0,MINOR
4.73,310.62,0,MINOR
3.14,559.81,0,MINOR
3.25,213.07,0,MINOR
3.03,95.13,0,MINOR
3.09,251.95,0,MINOR
4.05,48.48,0,MINOR
2.98,567.27,0,MINOR
2.84,243.14,0,MINOR
4.49,112.67,0,MINOR
2.69,341.75,0,MINOR
3.2,396.57,0,MINOR
4.35,100.32,0,MINOR
3.84,356.33,0,MINOR
2.83,438.68,0,MINOR
3.13,344.04,0,MINOR
2.69,324.41,0,MINOR
3.2,576.55,0,MINOR
2.63,295.93,0,MINOR
3.55,508.88,0,MINOR
3.82,468.71,0,MINOR
4.29,604.23,0,MINOR
3.22,378.93,0,MINOR
4.43,692.67,0,MINOR
4.55,263.17,0,MINOR
2.95,345.13,0,MINOR
4.21,347.34,0,MINOR
3.61,587.57,0,MINOR
3.33,602.56,0,MINOR
3.44,233.12,0,MINOR
3.54,534.9,0,MINOR
2.79,141.51,0,MINOR
4.69,126.97,0,MINOR
3.81,407.62,0,MINOR
3.63,453.1,0,MINOR
3.03,389.1,0,MINOR
3.36,464.86,0,MINOR
2.82,401.76,0,MINOR
2.93,198.66,0,MINOR
3.0,132.07,0,MINOR
4.4,203.57,0,MINOR
4.63,679.1,0,MINOR
3.81,104.39,0,MINOR
3.36,559.42,0,MINOR
3.34,65.48,0,MINOR
3.78,592.36,0,MINOR
4.33,126.71,0,MINOR
4.05,158.25,0,MINOR
3.0,612.48,0,MINOR
3.07,187.96,0,MINOR
2.5,610.11,0,MINOR
4.32,440.99,0,MINOR
4.23,110.67,0,MINOR
3.55,249.1,0,MINOR
2.72,342.86,0,MINOR
4.62,32.84,0,MINOR
3.17,149.24,0,MINOR
3.05,636.36,0,MINOR
3.58,329.08,0,MINOR
4.25,112.37,0,MINOR
3.62,303.84,0,MINOR
3.87,699.69,0,MINOR
4.27,281.52,0,MINOR
4.4,123.64,0,MINOR
2.57,147.09,0,MINOR
3.28,359.85,0,MINOR
3.91,637.87,0,MINOR
3.67,353.39,0,MINOR
2.62,29.26,0,MINOR
3.77,309.53,0,MINOR
4.43,116.67,0,MINOR
2.56,317.08,0,MINOR
3.05,39.48,0,MINOR
4.17,82.56,0,MINOR
3.9,200.33,0,MINOR
2.9,268.93,0,MINOR
4.34,277.51,0,MINOR
4.23,92.21,0,MINOR
4.28,169.67,0,MINOR
4.06,398.22,0,MINOR
4.64,274.19,0,MINOR
2.65,18.31,0,MINOR
4.4,369.69,0,MINOR
4.28,167.93,0,MINOR
3.29,25.92,0,MINOR
4.71,469.17,0,MINOR
4.65,189.52,0,MINOR
3.91,476.56,0,MINOR
3.23,594.44,0,MINOR
4.68,619.97,0,MINOR
4.2,197.84,0,MINOR
3.15,674.54,0,MINOR
2.52,502.65,0,MINOR
4.12,437.77,0,MINOR
4.78,221.76,0,MINOR
3.28,59.86,0,MINOR
3.52,186.43,0,MINOR
3.29,585.03,0,MINOR
4.65,134.08,0,MINOR
3.36,650.4,0,MINOR
2.64,69.19,0,MINOR
2.87,418.67,0,MINOR
2.85,677.81,0,MINOR
3.53,353.55,0,MINOR
3.07,332.32,0,MINOR
4.02,527.07,0,MINOR
4.23,406.63,0,MINOR
4.58,573.1,0,MINOR
4.24,43.65,0,MINOR
2.52,152.65,0,MINOR
4.03,290.78,0,MINOR
3.43,619.79,0,MINOR
4.56,636.88,0,MINOR
3.22,485.28,0,MINOR
3.12,137.47,0,MINOR
2.92,242.76,0,MINOR
3.49,582.51,0,MINOR
2.78,515.77,0,MINOR
3.72,205.12,0,MINOR
3.63,213.46,0,MINOR
3.87,306.52,0,MINOR
2.88,86.03,0,MINOR
3.76,632.18,0,MINOR
3.29,514.44,0,MINOR
4.01,652.43,0,MINOR
4.39,398.79,0,MINOR
4.01,629.38,0,MINOR
3.42,232.12,0,MINOR
2.52,579.45,0,MINOR
4.34,77.6,0,MINOR
3.83,327.47,0,MINOR
2.77,686.49,0,MINOR
2.99,51.73,0,MINOR
3.87,518.51,0,MINOR
2.57,462.81,0,MINOR
3.72,76.77,0,MINOR
2.9,399.74,0,MINOR
3.18,657.13,0,MINOR
4.38,688.58,0,MINOR
3.1,678.96,0,MINOR
3.49,246.53,0,MINOR
2.62,41.67,0,MINOR
4.09,323.26,0,MINOR
3.02,431.71,0,MINOR
3.08,406.45,0,MINOR
3.33,577.37,0,MINOR
4.39,336.76,0,MINOR
3.31,256.98,0,MINOR
4.35,233.08,0,MINOR
2.98,63.86,0,MINOR
3.57,340.08,0,MINOR
4.43,158.76,0,MINOR
3.38,566.84,0,MINOR
4.39,272.3,0,MINOR
3.56,215.78,0,MINOR
4.64,87.46,0,MINOR
4.65,480.29,0,MINOR
3.72,27.7,0,MINOR
3.59,288.38,0,MINOR
2.87,461.2,0,MINOR
4.73,395.72,0,MINOR
4.14,52.57,0,MINOR
3.46,85.87,0,MINOR
3.91,657.25,0,MINOR
4.02,58.38,0,MINOR
3.32,387.71,0,MINOR
3.43,584.38,0,MINOR
4.37,430.22,0,MINOR
3.36,182.46,0,MINOR
2.74,251.65,0,MINOR
3.45,474.7,0,MINOR
4.01,53.73,0,MINOR
3.41,131.34,0,MINOR
2.86,579.97,0,MINOR
2.6,296.33,0,MINOR
2.89,616.13,0,MINOR
3.78,165.81,0,MINOR
3.66,513.38,0,MINOR
4.7,158.21,0,MINOR
4.54,654.34,0,MINOR
4.61,446.61,0,MINOR
3.95,285.23,0,MINOR
4.23,374.25,0,MINOR
4.06,302.78,0,MINOR
4.18,578.01,0,MINOR
2.84,583.89,0,MINOR
3.74,592.04,0,MINOR
3.49,268.43,0,MINOR
4.6,179.56,0,MINOR
4.44,341.39,0,MINOR
3.68,219.39,0,MINOR
3.82,231.02,0,MINOR
2.59,194.04,0,MINOR
2.51,684.96,0,MINOR
4.72,279.63,0,MINOR
4.18,245.34,0,MINOR
4.04,564.77,0,MINOR
4.68,283.15,0,MINOR
4.3,189.82,0,MINOR
4.78,22.91,0,MINOR
3.89,463.36,0,MINOR
4.08,88.67,0,MINOR
4.66,130.92,0,MINOR
3.93,159.76,0,MINOR
3.21,384.79,0,MINOR
3.46,116.36,0,MINOR
2.89,295.61,0,MINOR
4.24,629.09,0,MINOR
2.69,278.21,0,MINOR
2.73,16.53,0,MINOR
4.02,423.7,0,MINOR
2.87,167.5,0,MINOR
2.55,585.29,0,MINOR
4.74,99.14,0,MINOR
3.03,608.54,0,MINOR
4.63,296.64,0,MINOR
2.62,32.38,0,MINOR
3.82,278.06,0,MINOR
2.57,410.36,0,MINOR
2.53,552.22,0,MINOR
3.2,32.98,0,MINOR
3.85,281.39,0,MINOR
4.74,383.22,0,MINOR
3.13,498.06,0,MINOR
3.12,633.45,0,MINOR
3.36,387.16,0,MINOR
2.62,301.15,0,MINOR
4.41,564.93,0,MINOR
3.02,162.12,0,MINOR
4.38,651.63,0,MINOR
2.72,317.79,0,MINOR
3.28,610.13,0,MINOR
2.69,151.73,0,MINOR
4.23,40.65,0,MINOR
3.63,312.26,0,MINOR
3.27,279.23,0,MINOR
3.72,117.15,0,MINOR
3.82,564.78,0,MINOR
4.25,111.96,0,MINOR
2.84,191.38,0,MINOR
3.33,288.88,0,MINOR
4.06,44.39,0,MINOR
2.58,277.38,0,MINOR
4.1,139.44,0,MINOR
3.98,185.58,0,MINOR
4.54,627.5,0,MINOR
3.18,164.85,0,MINOR
3.45,172.17,0,MINOR
4.05,579.11,0,MINOR
4.05,577.92,0,MINOR
3.41,113.64,0,MINOR
4.2,255.53,0,MINOR
4.04,193.1,0,MINOR
2.69,694.84,0,MINOR
2.86,691.95,0,MINOR
4.75,556.7,0,MINOR
4.02,406.58,0,MINOR
4.49,206.16,0,MINOR
3.58,435.48,0,MINOR
3.45,302.1,0,MINOR
3.26,397.14,0,MINOR
4.46,145.06,0,MINOR
4.65,483.92,0,MINOR
4.39,391.55,0,MINOR
4.29,16.26,0,MINOR
4.38,32.9,0,MINOR
4.55,694.41,0,MINOR
3.18,151.17,0,MINOR
4.26,180.85,0,MINOR
4.49,76.48,0,MINOR
2.79,685.51,0,MINOR
4.05,593.59,0,MINOR
3.25,475.16,0,MINOR
3.87,424.19,0,MINOR
4.07,404.87,0,MINOR
3.49,196.77,0,MINOR
4.27,162.26,0,MINOR
4.09,167.17,0,MINOR
3.94,524.22,0,MINOR
3.0,46.66,0,MINOR
2.8,426.17,0,MINOR
4.45,36.27,0,MINOR
4.19,242.22,0,MINOR
3.6,650.56,0,MINOR
3.26,328.41,0,MINOR
2.53,61.71,0,MINOR
3.09,24.36,0,MINOR
3.95,301.35,0,MINOR
3.76,126.38,0,MINOR
3.18,466.36,0,MINOR
4.72,40.04,0,MINOR
4.55,405.93,0,MINOR
3.8,352.69,0,MINOR
2.66,67.46,0,MINOR
3.88,241.97,0,MINOR
4.61,287.58,0,MINOR
2.83,501.73,0,MINOR
3.17,370.2,0,MINOR
4.11,630.68,0,MINOR
4.32,475.07,0,MINOR
4.06,662.42,0,MINOR
3.18,5.77,0,MINOR
3.13,156.43,0,MINOR
4.02,445.43,0,MINOR
3.86,16.29,0,MINOR
4.18,229.85,0,MINOR
4.03,391.82,0,MINOR
3.29,98.53,0,MINOR
2.72,582.91,0,MINOR
4.61,456.6,0,MINOR
2.74,284.41,0,MINOR
4.18,546.98,0,MINOR
2.77,5.02,0,MINOR
4.14,252.83,0,MINOR
3.09,13.96,0,MINOR
3.74,596.55,0,MINOR
4.7,398.19,0,MINOR
3.68,64.11,0,MINOR
3.76,269.09,0,MINOR
3.9,275.16,0,MINOR
3.05,71.0,0,MINOR
3.22,72.17,0,MINOR
2.91,691.2,0,MINOR
3.52,374.65,0,MINOR
4.51,696.92,0,MINOR
3.84,569.67,0,MINOR
3.25,217.49,0,MINOR
3.43,472.39,0,MINOR
4.07,224.09,0,MINOR
2.81,444.52,0,MINOR
2.8,407.05,0,MINOR
4.09,491.92,0,MINOR
4.23,611.64,0,MINOR
3.65,512.52,0,MINOR
3.92,134.71,0,MINOR
2.56,202.76,0,MINOR
3.52,433.89,0,MINOR
4.45,141.39,0,MINOR
2.79,674.62,0,MINOR
2.75,337.55,0,MINOR
3.85,381.26,0,MINOR
2.7,44.63,0,MINOR
2.74,411.98,0,MINOR
3.75,167.45,0,MINOR
3.97,574.95,0,MINOR
2.6,351.2,0,MINOR
4.09,180.36,0,MINOR
3.21,431.48,0,MINOR
4.57,567.9,0,MINOR
3.84,512.5,0,MINOR
3.34,450.47,0,MINOR
3.57,137.01,0,MINOR
4.11,391.74,0,MINOR
3.32,638.38,0,MINOR
2.55,224.46,0,MINOR
2.63,537.74,0,MINOR
4.11,235.29,0,MINOR
4.05,280.18,0,MINOR
4.24,320.66,0,MINOR
3.45,654.64,0,MINOR
3.08,88.71,0,MINOR
3.84,678.68,0,MINOR
3.37,48.12,0,MINOR
3.28,356.62,0,MINOR
2.87,462.38,0,MINOR
4.79,318.96,0,MINOR
3.32,283.49,0,MINOR
2.76,618.88,0,MINOR
3.45,274.16,0,MINOR
4.02,312.21,0,MINOR
3.99,47.71,0,MINOR
4.37,658.65,0,MINOR
3.99,668.42,0,MINOR
2.85,336.8,0,MINOR
3.88,409.31,0,MINOR
3.42,239.97,0,MINOR
2.79,277.26,0,MINOR
2.87,515.38,0,MINOR
2.98,45.7,0,MINOR
3.77,418.68,0,MINOR
4.51,406.0,0,MINOR
3.29,563.09,0,MINOR
3.74,60.1,0,MINOR
3.8,636.07,0,MINOR
3.41,210.95,0,MINOR
2.83,110.25,0,MINOR
3.5,419.0,0,MINOR
2.69,658.0,0,MINOR
4.24,412.7,0,MINOR
4.41,60.73,0,MINOR
3.6,442.91,0,MINOR
4.41,549.51,0,MINOR
3.14,658.91,0,MINOR
2.79,613.22,0,MINOR
4.73,128.12,0,MINOR
4.16,33.0,0,MINOR
3.43,363.82,0,MINOR
3.84,655.48,0,MINOR
4.05,339.49,0,MINOR
4.36,665.62,0,MINOR
2.55,687.85,0,MINOR
2.7,571.0,0,MINOR
3.14,96.86,0,MINOR
3.51,452.55,0,MINOR
3.38,42.92,0,MINOR
3.88,632.17,0,MINOR
3.38,155.35,0,MINOR
3.52,38.61,0,MINOR
4.39,579.31,0,MINOR
3.85,250.41,0,MINOR
4.34,390.51,0,MINOR
4.4,443.86,0,MINOR
4.3,421.0,0,MINOR
3.45,670.77,0,MINOR
3.74,425.54,0,MINOR
3.01,439.83,0,MINOR
3.81,133.46,0,MINOR
2.64,425.03,0,MINOR
4.26,368.76,0,MINOR
3.02,468.23,0,MINOR
2.68,312.07,0,MINOR
2.88,133.2,0,MINOR
2.97,273.76,0,MINOR
2.62,281.47,0,MINOR
3.68,340.89,0,MINOR
3.38,588.21,0,MINOR
2.83,356.46,0,MINOR
2.64,54.45,0,MINOR
3.82,398.38,0,MINOR
4.52,392.72,0,MINOR
4.71,38.84,0,MINOR
2.73,35.63,0,MINOR
2.93,381.18,0,MINOR
3.98,36.68,0,MINOR
4.68,590.3,0,MINOR
3.18,58.65,0,MINOR
2.89,93.23,0,MINOR
2.78,365.4,0,MINOR
3.07,253.91,0,MINOR
4.78,480.6,0,MINOR
4.68,104.08,0,MINOR
3.38,390.54,0,MINOR
2.68,7.91,0,MINOR
4.04,451.06,0,MINOR
3.44,345.3,0,MINOR
3.46,21.68,0,MINOR
3.27,128.07,0,MINOR
2.73,669.92,0,MINOR
3.88,511.42,0,MINOR
3.23,278.24,0,MINOR
3.04,72.39,0,MINOR
2.91,559.27,0,MINOR
4.06,385.12,0,MINOR
3.59,646.09,0,MINOR
2.67,200.02,0,MINOR
3.3,548.79,0,MINOR
4.78,172.27,0,MINOR
4.51,582.28,0,MINOR
3.02,282.54,0,MINOR
3.44,684.86,0,MINOR
2.92,560.41,0,MINOR
3.27,512.95,0,MINOR
3.47,406.96,0,MINOR
4.42,563.9,0,MINOR
4.49,46.43,0,MINOR
4.09,102.29,0,MINOR
3.46,386.27,0,MINOR
3.43,366.13,0,MINOR
4.79,98.98,0,MINOR
4.05,280.22,0,MINOR
2.81,115.32,0,MINOR
4.68,616.32,0,MINOR
4.59,694.12,0,MINOR
2.98,252.03,0,MINOR
4.04,341.24,0,MINOR
3.46,253.68,0,MINOR
3.87,405.04,0,MINOR
2.87,332.86,0,MINOR
3.77,401.35,0,MINOR
2.98,520.88,0,MINOR
2.56,251.61,0,MINOR
4.29,396.91,0,MINOR
3.1,487.99,0,MINOR
3.8,558.39,0,MINOR
4.19,429.03,0,MINOR
3.62,97.56,0,MINOR
3.1,296.27,0,MINOR
3.88,362.03,0,MINOR
3.16,9.49,0,MINOR
3.64,203.51,0,MINOR
4.19,21.64,0,MINOR
3.85,659.32,0,MINOR
2.9,332.8,0,MINOR
2.71,439.85,0,MINOR
3.77,288.12,0,MINOR
3.7,628.12,0,MINOR
2.95,20.68,0,MINOR
4.48,406.1,0,MINOR
4.55,419.88,0,MINOR
4.36,303.62,0,MINOR
4.22,639.56,0,MINOR
3.82,130.65,0,MINOR
3.12,143.06,0,MINOR
3.07,217.96,0,MINOR
3.78,413.65,0,MINOR
3.48,432.72,0,MINOR
2.69,66.01,0,MINOR
2.9,365.06,0,MINOR
2.99,201.88,0,MINOR
3.42,569.25,0,MINOR
2.53,456.32,0,MINOR
4.04,560.07,0,MINOR
4.65,19.0,0,MINOR
2.85,620.89,0,MINOR
3.55,397.39,0,MINOR
4.02,476.95,0,MINOR
4.64,697.88,0,MINOR
4.16,204.62,0,MINOR
4.52,39.21,0,MINOR
3.03,628.68,0,MINOR
3.09,158.35,0,MINOR
2.82,602.08,0,MINOR
3.65,474.05,0,MINOR
3.05,531.84,0,MINOR
4.25,222.26,0,MINOR
3.44,150.73,0,MINOR
4.75,453.69,0,MINOR
4.65,215.85,0,MINOR
4.3,537.27,0,MINOR
4.09,676.12,0,MINOR
3.41,95.85,0,MINOR
4.04,511.87,0,MINOR
3.82,148.74,0,MINOR
3.66,221.97,0,MINOR
3.48,453.43,0,MINOR
4.21,166.4,0,MINOR
3.43,192.07,0,MINOR
2.96,549.45,0,MINOR
4.59,262.31,0,MINOR
4.23,628.41,0,MINOR
4.45,132.06,0,MINOR
4.7,266.79,0,MINOR
3.28,48.39,0,MINOR
3.62,80.76,0,MINOR
3.07,225.28,0,MINOR
4.36,613.46,0,MINOR
3.2,601.8,0,MINOR
4.47,536.43,0,MINOR
2.84,484.77,0,MINOR
4.67,479.37,0,MINOR
3.26,352.9,0,MINOR
3.99,359.85,0,MINOR
2.78,221.88,0,MINOR
4.35,603.69,0,MINOR
2.82,666.91,0,MINOR
3.26,465.31,0,MINOR
4.23,569.3,0,MINOR
4.68,222.48,0,MINOR
4.47,96.52,0,MINOR
4.12,520.67,0,MINOR
4.06,180.36,0,MINOR
4.51,122.36,0,MINOR
2.62,503.64,0,MINOR
3.59,595.12,0,MINOR
3.38,121.95,0,MINOR
4.42,386.49,0,MINOR
2.94,505.67,0,MINOR
3.68,425.0,0,MINOR
3.56,580.95,0,MINOR
4.41,498.03,0,MINOR
2.74,588.0,0,MINOR
4.04,489.43,0,MINOR
3.33,616.1,0,MINOR
4.17,83.25,0,MINOR
3.44,621.03,0,MINOR
2.61,673.18,0,MINOR
4.06,443.81,0,MINOR
3.12,177.91,0,MINOR
4.67,212.3,0,MINOR
4.28,278.22,0,MINOR
2.82,12.45,0,MINOR
3.75,683.17,0,MINOR
3.35,253.25,0,MINOR
3.29,366.78,0,MINOR
3.51,616.54,0,MINOR
3.66,357.89,0,MINOR
2.82,688.0,0,MINOR
